repository_id,pull_request_number,merged_at,intent_similarity,intent_impact_divergence,module_count,changed_file_count,module_entropy,module_concentration,top_module_weight,package_count,cross_package_spread,total_additions,total_deletions,total_changes,modified_file_count,added_file_count,removed_file_count,renamed_file_count,rework_90d,rework_pr_count_90d,reworked_module_count_90d,days_to_first_rework
1,232,2011-05-24T14:41:27+00:00,0.17286039203825898,0.827139607961741,1,1,0.0,1.0,2.386294361119891,1,0,2,1,3,1,0,0,0,1,2,1,30.992697
1,236,2011-05-29T08:23:57+00:00,0.656380354694735,0.343619645305265,1,1,0.0,1.0,3.4849066497880004,1,0,11,0,11,1,0,0,0,0,0,0,
1,252,2011-06-23T17:29:12+00:00,0.22332468470702718,0.7766753152929728,1,1,0.0,1.0,2.9459101490553135,1,0,5,1,6,1,0,0,0,0,0,0,
1,237,2011-06-24T14:30:56+00:00,0.08673400168128087,0.9132659983187191,1,1,0.0,1.0,2.791759469228055,1,0,4,1,5,1,0,0,0,1,1,1,25.367731
1,275,2011-07-12T00:41:16+00:00,0.4525534839138255,0.5474465160861746,1,1,0.0,1.0,2.09861228866811,1,0,1,1,2,1,0,0,0,1,2,1,11.731771
1,277,2011-07-12T20:54:55+00:00,0.5795517200093039,0.4204482799906961,1,1,0.0,1.0,1.6931471805599454,1,0,0,1,1,1,0,0,0,0,0,0,
1,282,2011-07-19T23:20:28+00:00,0.21140994038207786,0.7885900596179222,2,2,1.0,0.5,2.09861228866811,2,1,2,2,4,2,0,0,0,0,0,0,
1,284,2011-07-23T18:15:01+00:00,0.0472578998197223,0.9527421001802777,1,1,0.0,1.0,3.0794415416798357,1,0,4,3,7,1,0,0,0,1,1,1,38.887685
1,307,2011-08-31T15:33:17+00:00,0.49787823042655877,0.5021217695734412,4,4,0.9720396423149901,0.3526525522852315,5.465908118654584,1,0,121,2,123,4,0,0,0,1,1,1,17.199468
1,309,2011-09-07T09:44:08+00:00,0.561207302690574,0.43879269730942605,2,2,0.9970299652390645,0.5320722475311029,2.386294361119891,1,0,4,1,5,2,0,0,0,1,1,1,80.737604
1,320,2011-09-13T19:30:47+00:00,0.47627780816864346,0.5237221918313566,1,1,0.0,1.0,2.09861228866811,1,0,1,1,2,1,0,0,0,0,0,0,
1,324,2011-09-17T20:20:31+00:00,0.300143164689218,0.699856835310782,1,1,0.0,1.0,2.6094379124341005,1,0,2,2,4,1,0,0,0,0,0,0,
1,322,2011-09-18T19:20:40+00:00,0.5829965859355694,0.41700341406443064,1,1,0.0,1.0,2.09861228866811,1,0,1,1,2,1,0,0,0,0,0,0,
1,327,2011-09-23T13:02:37+00:00,0.08321526748422417,0.9167847325157759,1,1,0.0,1.0,2.09861228866811,1,0,1,1,2,1,0,0,0,0,0,0,
1,347,2011-11-27T03:26:17+00:00,0.39545936977060225,0.6045406302293977,1,1,0.0,1.0,4.295836866004329,1,0,26,0,26,1,0,0,0,0,0,0,
1,387,2012-01-23T19:51:15+00:00,0.2539819378738281,0.7460180621261718,3,3,0.9745446954485282,0.44737875633893487,3.3978952727983707,2,1,7,7,14,3,0,0,0,1,3,1,1.090417
1,390,2012-01-24T22:01:27+00:00,0.49190133211069553,0.5080986678893045,1,1,0.0,1.0,2.09861228866811,1,0,1,1,2,1,0,0,0,1,2,1,6.710833
1,392,2012-01-31T15:05:03+00:00,0.20000513336098538,0.7999948666390146,5,5,0.9945497708962407,0.24361382873270887,3.1972245773362196,3,2,11,11,22,5,0,0,0,1,1,1,56.740544
1,396,2012-02-01T21:35:45+00:00,0.39869791355985523,0.6013020864401448,1,1,0.0,1.0,2.9459101490553135,1,0,3,3,6,1,0,0,0,1,6,1,41.166111
1,409,2012-02-24T15:52:35+00:00,0.36814917063169683,0.6318508293683032,2,2,0.9910919351084522,0.5555062203743755,3.995732273553991,1,0,24,3,27,2,0,0,0,0,0,0,
1,415,2012-03-01T13:59:00+00:00,0.12255534490050983,0.8774446550994902,2,2,0.9558507361280372,0.6230619372428089,3.9444389791664403,1,0,19,2,21,2,0,0,0,0,0,0,
1,420,2012-03-08T00:16:32+00:00,0.4907214494100982,0.5092785505899018,1,1,0.0,1.0,2.9459101490553135,1,0,6,0,6,1,0,0,0,1,4,1,5.859387
1,430,2012-03-13T20:51:53+00:00,0.13584837459426974,0.8641516254057302,3,3,0.9724400126917162,0.4143978526544675,4.401197381662156,2,1,47,1,48,3,0,0,0,0,0,0,
1,431,2012-03-13T20:54:03+00:00,0.14934351885365996,0.8506564811463401,2,2,0.9779973684607906,0.5871015823010667,5.174387269895637,1,0,35,42,77,2,0,0,0,1,3,1,7.209537
1,433,2012-03-13T20:59:31+00:00,0.40212766805891753,0.5978723319410825,2,2,0.9921502057359574,0.5521113576466317,4.295836866004329,1,0,34,3,37,2,0,0,0,1,5,2,0.229687
1,444,2012-03-14T01:34:57+00:00,0.5133132002482327,0.4866867997517673,1,1,0.0,1.0,3.1972245773362196,1,0,8,0,8,1,0,0,0,1,5,1,7.016748
1,437,2012-03-14T02:30:16+00:00,0.3730402841521753,0.6269597158478246,3,3,0.9839073393182208,0.3956281648225678,4.13549421592915,2,1,38,2,40,3,0,0,0,1,4,2,18.536921
1,453,2012-03-21T01:55:47+00:00,0.269765403788634,0.730234596211366,1,1,0.0,1.0,2.6094379124341005,1,0,2,2,4,1,0,0,0,1,2,1,47.55037
1,416,2012-03-21T01:59:04+00:00,0.5492062149613448,0.4507937850386552,1,1,0.0,1.0,3.0794415416798357,1,0,7,0,7,1,0,0,0,1,4,1,9.835498
1,455,2012-03-28T08:51:26+00:00,0.08724503742554697,0.912754962574453,1,1,0.0,1.0,2.09861228866811,1,0,1,1,2,1,0,0,0,0,0,0,
1,465,2012-03-30T22:02:11+00:00,0.5179226480914411,0.48207735190855894,1,1,0.0,1.0,2.09861228866811,1,0,2,0,2,1,0,0,0,1,4,1,2.026944
1,417,2012-04-01T15:23:26+00:00,0.0611711140056895,0.9388288859943105,1,1,0.0,1.0,2.6094379124341005,1,0,3,1,4,1,0,0,0,1,3,1,58.361771
1,439,2012-04-01T15:42:39+00:00,0.3429141880850706,0.6570858119149294,4,4,0.9701286788562107,0.3371022008973608,4.912023005428146,2,1,78,4,82,3,1,0,0,1,1,1,0.289699
1,469,2012-04-01T22:39:49+00:00,0.1284877289852389,0.8715122710147611,1,1,0.0,1.0,1.6931471805599454,1,0,0,1,1,1,0,0,0,0,0,0,
1,470,2012-04-01T22:40:59+00:00,0.5964096941250806,0.4035903058749194,1,1,0.0,1.0,4.465735902799727,1,0,13,18,31,1,0,0,0,1,3,1,1.190451
1,473,2012-04-03T03:15:14+00:00,0.5615086509174516,0.4384913490825484,1,1,0.0,1.0,3.4849066497880004,1,0,10,1,11,1,0,0,0,1,2,1,11.42103
1,483,2012-04-09T21:24:26+00:00,0.04722176016331505,0.952778239836685,1,1,0.0,1.0,2.09861228866811,1,0,1,1,2,1,0,0,0,0,0,0,
1,489,2012-04-12T19:45:23+00:00,0.05012773144198985,0.9498722685580101,1,1,0.0,1.0,2.9459101490553135,1,0,3,3,6,1,0,0,0,1,1,1,73.911319
1,492,2012-04-14T13:21:31+00:00,0.5617236447268847,0.43827635527311526,1,1,0.0,1.0,2.09861228866811,1,0,1,1,2,1,0,0,0,1,2,1,75.166169
1,505,2012-05-07T15:08:19+00:00,0.08571163949824193,0.9142883605017581,1,1,0.0,1.0,3.833213344056216,1,0,2,14,16,1,0,0,0,1,1,1,4.412813
1,506,2012-05-12T01:02:46+00:00,0.09650021335570787,0.9034997866442921,1,1,0.0,1.0,2.09861228866811,1,0,1,1,2,1,0,0,0,0,0,0,
1,515,2012-05-30T00:04:23+00:00,0.5238302618525736,0.47616973814742636,2,2,0.9998847137129762,0.5063209269980657,3.4849066497880004,2,1,18,3,21,1,1,0,0,1,3,1,2.3e-05
1,514,2012-05-30T00:04:25+00:00,0.47367435719508444,0.5263256428049156,1,1,0.0,1.0,3.3978952727983707,1,0,7,3,10,1,0,0,0,1,2,1,18.535845
1,527,2012-06-17T12:56:02+00:00,0.04750766390783698,0.952492336092163,1,1,0.0,1.0,2.09861228866811,1,0,1,1,2,1,0,0,0,1,1,1,45.151944
1,497,2012-06-17T13:24:35+00:00,0.5470227465311155,0.4529772534688845,2,2,0.9193105672067131,0.6656485706145712,4.178053830347945,1,0,24,1,25,2,0,0,0,1,1,1,39.255197
1,530,2012-06-25T17:36:14+00:00,0.10946390251243375,0.8905360974875662,1,1,0.0,1.0,2.09861228866811,1,0,1,1,2,1,0,0,0,0,0,0,
1,509,2012-06-25T17:37:41+00:00,0.5076744189109775,0.49232558108902247,1,1,0.0,1.0,1.6931471805599454,1,0,1,0,1,1,0,0,0,0,0,0,
1,413,2012-06-25T17:49:11+00:00,0.5174958972516176,0.4825041027483824,8,8,0.969853464798964,0.18175935154449555,4.610917912644224,1,0,100,0,100,0,8,0,0,0,0,0,
1,533,2012-06-28T17:20:48+00:00,0.42698251016012434,0.5730174898398757,1,1,0.0,1.0,2.09861228866811,1,0,1,1,2,1,0,0,0,1,6,1,4.817627
1,538,2012-07-03T12:58:11+00:00,0.5227883192446412,0.4772116807553588,1,1,0.0,1.0,2.6094379124341005,1,0,2,2,4,1,0,0,0,1,5,1,19.814537
1,564,2012-07-23T08:31:07+00:00,0.46708625355355776,0.5329137464464422,1,1,0.0,1.0,2.09861228866811,1,0,1,1,2,1,0,0,0,1,4,1,34.367431
1,567,2012-07-26T19:32:04+00:00,0.0046198508396055145,0.9953801491603945,1,1,0.0,1.0,2.09861228866811,1,0,1,1,2,1,0,0,0,1,2,1,67.010162
1,571,2012-08-01T16:34:50+00:00,0.18213791640870156,0.8178620835912984,1,1,0.0,1.0,2.9459101490553135,1,0,4,2,6,1,0,0,0,1,1,1,77.293032
1,574,2012-08-26T17:20:13+00:00,0.5292574135950009,0.4707425864049991,1,1,0.0,1.0,2.6094379124341005,1,0,2,2,4,1,0,0,0,1,3,1,0.000185
1,565,2012-08-26T17:20:29+00:00,0.5409468610000684,0.4590531389999316,1,1,0.0,1.0,3.1972245773362196,1,0,8,0,8,1,0,0,0,1,2,1,0.001204
1,578,2012-08-26T17:22:13+00:00,0.1319282412454243,0.8680717587545757,1,1,0.0,1.0,2.09861228866811,1,0,1,1,2,1,0,0,0,1,1,1,17.336308
1,543,2012-09-13T01:26:30+00:00,0.6449567820305643,0.3550432179694357,1,1,0.0,1.0,3.3978952727983707,1,0,10,0,10,1,0,0,0,0,0,0,
1,594,2012-09-23T01:50:12+00:00,0.6061768267568993,0.3938231732431007,1,1,0.0,1.0,2.6094379124341005,1,0,2,2,4,1,0,0,0,0,0,0,
1,603,2012-10-01T19:46:42+00:00,0.07629844002051998,0.92370155997948,1,1,0.0,1.0,2.09861228866811,1,0,1,1,2,1,0,0,0,1,1,1,5.630741
1,591,2012-10-07T10:54:58+00:00,0.10068960894094774,0.8993103910590523,6,6,0.9821751645389241,0.24580632746482858,3.9444389791664403,2,1,18,18,36,6,0,0,0,0,0,0,
1,583,2012-10-07T10:55:55+00:00,0.03360930722248583,0.9663906927775142,1,1,0.0,1.0,2.09861228866811,1,0,1,1,2,1,0,0,0,0,0,0,
1,614,2012-10-17T23:36:48+00:00,0.6171691966458612,0.38283080335413877,2,2,1.0,0.5,2.09861228866811,1,0,1,3,4,2,0,0,0,0,0,0,
1,635,2012-11-16T01:55:32+00:00,0.14210067475913699,0.857899325240863,1,1,0.0,1.0,3.302585092994046,1,0,5,4,9,1,0,0,0,0,0,0,
1,667,2013-01-25T02:57:45+00:00,0.15038929857386152,0.8496107014261385,2,2,0.9960363919697389,0.5370462333130499,4.13549421592915,1,0,34,0,34,2,0,0,0,1,2,1,0.052604
1,630,2013-01-25T04:13:30+00:00,0.16668776136455005,0.8333122386354499,1,1,0.0,1.0,2.791759469228055,1,0,3,2,5,1,0,0,0,1,1,1,55.698183
1,625,2013-01-25T04:22:02+00:00,0.5852603602326523,0.41473963976734773,2,2,0.9950706615516891,0.5413089812358258,3.0794415416798357,2,1,9,2,11,2,0,0,0,0,0,0,
1,687,2013-03-21T20:58:53+00:00,0.29471453182997337,0.7052854681700267,4,4,0.9505477643595331,0.4121882041159768,4.332204510175204,1,0,32,1,33,4,0,0,0,1,8,2,57.767454
1,700,2013-04-01T03:05:02+00:00,0.6810987724172675,0.31890122758273254,1,1,0.0,1.0,2.09861228866811,1,0,2,0,2,1,0,0,0,1,2,1,47.509062
1,708,2013-05-14T10:36:29+00:00,0.46419739023918655,0.5358026097608135,1,1,0.0,1.0,2.09861228866811,1,0,1,1,2,1,0,0,0,1,13,1,4.199676
1,731,2013-05-18T15:18:05+00:00,0.318748538185369,0.681251461814631,10,10,0.9929006821458325,0.1370751322784567,3.0794415416798357,6,5,8,20,28,10,0,0,0,1,2,3,0.00412
1,732,2013-05-18T15:24:01+00:00,0.21770760650421217,0.7822923934957878,12,12,0.9891025209629989,0.128822439120735,4.044522437723423,1,0,32,32,64,12,0,0,0,1,18,11,0.000521
1,734,2013-05-18T15:24:46+00:00,0.1481687958415051,0.8518312041584949,1,1,0.0,1.0,2.09861228866811,1,0,1,1,2,1,0,0,0,1,11,1,3.955509
1,733,2013-05-18T15:33:23+00:00,0.16341851384563796,0.836581486154362,1,1,0.0,1.0,2.09861228866811,1,0,1,1,2,1,0,0,0,1,2,1,3.949525
1,735,2013-05-18T16:56:31+00:00,0.23927908491951314,0.7607209150804869,13,13,0.9924613090463307,0.10780810731849949,3.6390573296152584,2,1,42,19,61,12,1,0,0,1,12,9,3.891794
1,736,2013-05-22T14:20:42+00:00,0.21582911435384738,0.7841708856461527,24,24,0.9836528914051681,0.09047530737011884,5.709530201312334,3,2,136,91,227,24,0,0,0,1,16,20,0.035475
1,737,2013-05-22T15:11:47+00:00,0.08956039876565856,0.9104396012343414,9,9,0.9814809569300934,0.17102818808973377,5.718498871295094,1,0,125,126,251,9,0,0,0,1,7,6,3.109479
1,739,2013-05-22T19:16:25+00:00,0.2744240165412499,0.7255759834587501,1,1,0.0,1.0,2.791759469228055,1,0,4,1,5,1,0,0,0,0,0,0,
1,740,2013-05-23T12:20:57+00:00,0.6260100370465806,0.37398996295341935,1,1,0.0,1.0,3.1972245773362196,1,0,8,0,8,1,0,0,0,1,1,1,27.076157
1,742,2013-05-25T17:35:08+00:00,0.5864344867388623,0.41356551326113766,8,8,0.9599418541497767,0.24413270482651359,5.04305126783455,3,2,42,40,82,8,0,0,0,1,10,2,0.000718
1,741,2013-05-25T17:36:10+00:00,0.07681456218277571,0.9231854378172243,1,1,0.0,1.0,2.09861228866811,1,0,1,1,2,1,0,0,0,1,9,1,0.036192
1,743,2013-05-25T17:49:26+00:00,0.5335028021479692,0.4664971978520308,1,1,0.0,1.0,2.791759469228055,1,0,3,2,5,1,0,0,0,1,2,1,1.036134
1,744,2013-05-25T18:28:17+00:00,0.15944385735419714,0.8405561426458028,7,7,0.9970767256048799,0.1814783106415815,2.791759469228055,1,0,8,9,17,7,0,0,0,1,8,2,0.068356
1,745,2013-05-25T19:01:49+00:00,0.2541148174421409,0.7458851825578592,1,1,0.0,1.0,2.6094379124341005,1,0,2,2,4,1,0,0,0,1,3,1,0.985868
1,746,2013-05-25T20:06:43+00:00,0.05559530536896433,0.9444046946310357,5,5,0.9874802666559944,0.2761804688261454,3.3978952727983707,1,0,10,10,20,5,0,0,0,1,7,1,4.751088
1,747,2013-05-26T18:41:28+00:00,0.057149113340157764,0.9428508866598422,6,6,0.9895690957472473,0.22282624447953783,3.3978952727983707,1,0,13,13,26,6,0,0,0,1,3,2,18.583449
1,751,2013-05-30T14:08:17+00:00,0.12657174143359448,0.8734282585664055,2,2,0.9970299652390645,0.5320722475311029,2.386294361119891,1,0,3,2,5,2,0,0,0,1,6,1,13.158854
1,764,2013-06-12T17:57:02+00:00,-0.0036216162074390315,1.003621616207439,1,1,0.0,1.0,2.09861228866811,1,0,1,1,2,1,0,0,0,1,5,1,1.614306
1,766,2013-06-14T08:41:38+00:00,0.4857597262008189,0.5142402737991811,2,2,0.9074782942037906,0.6771271167757938,4.401197381662156,1,0,30,1,31,2,0,0,0,1,4,2,45.488322
1,730,2013-06-19T14:10:37+00:00,0.28888404112334526,0.7111159588766547,6,6,0.947892913729702,0.3182869595956753,5.394449154672439,2,1,56,43,99,5,1,0,0,0,0,0,
1,811,2013-07-29T20:24:49+00:00,0.45855613998459327,0.5414438600154068,1,1,0.0,1.0,2.791759469228055,1,0,0,5,5,1,0,0,0,1,4,1,1.763843
1,816,2013-07-31T14:44:45+00:00,0.06387318685976129,0.9361268131402387,2,2,0.988367628993225,0.5634084039996236,3.0794415416798357,1,0,10,0,10,2,0,0,0,1,4,1,4.72515
1,819,2013-08-04T20:59:22+00:00,0.20437541980295634,0.7956245801970436,1,1,0.0,1.0,4.555348061489413,1,0,32,2,34,1,0,0,0,0,0,0,
1,820,2013-08-05T08:08:58+00:00,0.19222324721036296,0.807776752789637,1,1,0.0,1.0,2.09861228866811,1,0,1,1,2,1,0,0,0,1,3,1,15.559757
1,840,2013-08-20T21:35:01+00:00,0.006983523299616914,0.9930164767003831,1,1,0.0,1.0,2.09861228866811,1,0,1,1,2,1,0,0,0,1,2,1,56.815741
1,843,2013-09-03T17:58:04+00:00,0.11962389565085152,0.8803761043491485,1,1,0.0,1.0,2.6094379124341005,1,0,2,2,4,1,0,0,0,0,0,0,
1,891,2013-10-16T17:09:41+00:00,0.49939746557268594,0.5006025344273141,1,1,0.0,1.0,2.6094379124341005,1,0,2,2,4,1,0,0,0,1,1,1,12.684803
1,895,2013-10-29T09:35:48+00:00,0.034568046612518076,0.9654319533874819,1,1,0.0,1.0,2.09861228866811,1,0,1,1,2,1,0,0,0,0,0,0,
1,961,2014-01-27T17:39:04+00:00,0.06875448143525245,0.9312455185647476,1,1,0.0,1.0,2.09861228866811,1,0,1,1,2,1,0,0,0,0,0,0,
1,946,2014-02-08T17:30:55+00:00,0.061710835656160284,0.9382891643438397,1,1,0.0,1.0,2.6094379124341005,1,0,2,2,4,1,0,0,0,0,0,0,
1,938,2014-02-08T17:32:01+00:00,0.37795377935908764,0.6220462206409123,3,3,0.9865013716511413,0.3836308991048562,4.433987204485146,2,1,47,12,59,3,0,0,0,1,6,2,12.040486
1,936,2014-02-08T17:46:32+00:00,0.3570765297243795,0.6429234702756206,1,1,0.0,1.0,2.09861228866811,1,0,1,1,2,1,0,0,0,1,2,1,41.135694
1,827,2014-02-12T22:54:44+00:00,0.25995734930577674,0.7400426506942233,3,3,0.9799563042431773,0.39609180726841986,4.332204510175204,1,0,50,0,50,2,1,0,0,1,2,2,7.816377
1,775,2014-02-20T18:30:19+00:00,0.5442141605219956,0.45578583947800444,3,3,0.9876172999531939,0.37597048764224894,3.4849066497880004,1,0,23,1,24,3,0,0,0,1,7,2,20.996227
1,997,2014-03-13T18:24:53+00:00,0.14612302797976445,0.8538769720202355,1,1,0.0,1.0,3.1972245773362196,1,0,5,3,8,1,0,0,0,1,5,1,8.096146
1,960,2014-03-13T19:24:19+00:00,0.20988434755513394,0.790115652444866,2,2,0.9936178430764109,0.5469959943007107,4.555348061489413,1,0,49,0,49,2,0,0,0,0,0,0,
1,877,2014-03-13T19:35:29+00:00,0.3468661334151883,0.6531338665848117,1,1,0.0,1.0,2.09861228866811,1,0,1,1,2,1,0,0,0,1,1,1,8.064641
1,1000,2014-03-21T20:21:18+00:00,0.011138111677632977,0.988861888322367,5,5,0.9855533661857117,0.2627306606045268,3.5649493574615367,1,0,14,14,28,5,0,0,0,1,4,4,0.01765
1,862,2014-03-21T20:39:13+00:00,0.4534102900044135,0.5465897099955865,2,2,0.9914913036031162,0.5542502311940515,2.6094379124341005,1,0,4,2,6,2,0,0,0,0,0,0,
1,919,2014-03-21T20:39:23+00:00,0.6107934901272366,0.3892065098727634,1,1,0.0,1.0,3.3978952727983707,1,0,9,1,10,1,0,0,0,1,1,1,0.009468
1,876,2014-03-21T20:43:20+00:00,0.5021103571725497,0.4978896428274503,4,4,0.9972014400114071,0.27095490411440304,3.302585092994046,3,2,28,0,28,4,0,0,0,1,4,1,0.013681
1,838,2014-03-21T20:46:43+00:00,0.19114878415114347,0.8088512158488566,1,1,0.0,1.0,2.09861228866811,1,0,1,1,2,1,0,0,0,1,1,1,76.761053
1,851,2014-03-21T20:53:01+00:00,0.6076086426047087,0.3923913573952913,1,1,0.0,1.0,3.5649493574615367,1,0,11,1,12,1,0,0,0,0,0,0,
1,885,2014-03-21T21:01:56+00:00,0.4333155500006688,0.5666844499993312,1,1,0.0,1.0,3.70805020110221,1,0,7,7,14,1,0,0,0,1,1,1,35.132581
1,707,2014-03-21T21:03:02+00:00,0.11086336224639981,0.8891366377536002,1,1,0.0,1.0,2.791759469228055,1,0,5,0,5,1,0,0,0,1,3,1,24.083125
1,864,2014-03-21T21:05:24+00:00,0.29250959070848187,0.7074904092915182,1,1,0.0,1.0,2.09861228866811,1,0,1,1,2,1,0,0,0,0,0,0,
1,859,2014-03-21T21:08:34+00:00,0.21673412347101143,0.7832658765289886,2,2,0.9877749109523092,0.5649993223391416,4.526360524616162,1,0,44,0,44,2,0,0,0,0,0,0,
1,1014,2014-04-06T17:11:17+00:00,0.3564169147688751,0.6435830852311248,1,1,0.0,1.0,2.791759469228055,1,0,3,2,5,1,0,0,0,0,0,0,
1,1022,2014-04-14T23:02:44+00:00,-0.02697687390171956,1.0269768739017195,1,1,0.0,1.0,2.09861228866811,1,0,1,1,2,1,0,0,0,1,2,1,22.869005
1,1019,2014-04-14T23:02:52+00:00,0.0686369783462617,0.9313630216537383,2,2,1.0,0.5,2.09861228866811,1,0,2,2,4,2,0,0,0,0,0,0,
1,1032,2014-04-26T00:12:51+00:00,0.06746125731404243,0.9325387426859576,3,3,0.9999999999999998,0.3333333333333333,2.09861228866811,2,1,3,3,6,3,0,0,0,1,1,1,52.785498
1,1030,2014-04-26T00:14:37+00:00,0.23360250679799882,0.7663974932020012,1,1,0.0,1.0,3.70805020110221,1,0,7,7,14,1,0,0,0,0,0,0,
1,1039,2014-04-28T17:59:51+00:00,0.2686402512606384,0.7313597487393616,1,1,0.0,1.0,2.09861228866811,1,0,1,1,2,1,0,0,0,1,1,1,9.072674
1,1040,2014-05-07T19:44:30+00:00,0.06881457562699472,0.9311854243730053,1,1,0.0,1.0,2.09861228866811,1,0,1,1,2,1,0,0,0,0,0,0,
1,839,2014-05-07T19:54:06+00:00,0.3651648093621169,0.6348351906378831,3,3,0.9721758274597263,0.45226884889277597,4.737669618283368,2,1,49,3,52,3,0,0,0,1,1,1,8.764583
1,1052,2014-05-12T16:22:57+00:00,0.32446063596112057,0.6755393640388794,1,1,0.0,1.0,2.09861228866811,1,0,1,1,2,1,0,0,0,0,0,0,
1,1058,2014-05-16T14:15:06+00:00,0.5977522321192467,0.40224776788075334,1,1,0.0,1.0,2.09861228866811,1,0,1,1,2,1,0,0,0,0,0,0,
1,1079,2014-06-06T15:02:38+00:00,0.41680161022741397,0.5831983897725861,1,1,0.0,1.0,4.931825632724326,1,0,26,24,50,1,0,0,0,1,1,1,83.109028
1,1086,2014-06-17T19:03:58+00:00,0.31732575801036117,0.6826742419896388,1,1,0.0,1.0,2.09861228866811,1,0,1,1,2,1,0,0,0,0,0,0,
1,1100,2014-07-27T11:23:32+00:00,0.25311964007909693,0.7468803599209031,1,1,0.0,1.0,2.386294361119891,1,0,3,0,3,1,0,0,0,0,0,0,
1,1144,2014-08-12T18:46:56+00:00,0.16362392381208563,0.8363760761879144,1,1,0.0,1.0,2.791759469228055,1,0,4,1,5,1,0,0,0,1,3,1,15.807627
1,1156,2014-08-26T10:29:58+00:00,0.5171602079133393,0.4828397920866607,1,1,0.0,1.0,2.09861228866811,1,0,1,1,2,1,0,0,0,1,3,1,62.292766
1,1158,2014-08-28T14:09:55+00:00,0.08284100532665419,0.9171589946733458,1,1,0.0,1.0,2.386294361119891,1,0,2,1,3,1,0,0,0,1,2,1,60.140023
1,1161,2014-08-28T15:02:27+00:00,0.3200296322689526,0.6799703677310474,2,2,0.9854596393145971,0.570868557123573,2.791759469228055,2,1,4,3,7,2,0,0,0,0,0,0,
1,1162,2014-08-28T17:39:38+00:00,0.008545227500551027,0.991454772499449,1,1,0.0,1.0,2.09861228866811,1,0,1,1,2,1,0,0,0,1,3,1,59.994387
1,1165,2014-09-12T19:54:59+00:00,0.6286452898673692,0.37135471013263077,84,84,0.9511533720468579,0.02736844434447942,8.31920245876785,13,12,4492,4701,9193,5,18,39,22,0,0,0,
1,619,2014-10-07T17:01:17+00:00,0.6402675021883782,0.35973249781162175,1,1,0.0,1.0,2.09861228866811,1,0,1,1,2,1,0,0,0,1,1,1,87.832894
1,1208,2014-10-18T14:20:51+00:00,0.3625607294449079,0.6374392705550921,1,1,0.0,1.0,2.6094379124341005,1,0,2,2,4,1,0,0,0,1,3,1,1.147627
1,1206,2014-10-19T17:53:26+00:00,0.2018005874182813,0.7981994125817187,2,2,0.9395980493364122,0.643665935200444,4.713572066704308,2,1,43,1,44,2,0,0,0,1,2,1,16.620856
1,1213,2014-10-25T10:54:59+00:00,0.5451093641856315,0.4548906358143685,2,2,0.999810452500541,0.508104892373908,3.302585092994046,2,1,15,2,17,2,0,0,0,1,2,1,10.911447
1,1225,2014-10-27T17:31:33+00:00,0.21117689518004062,0.7888231048199594,19,19,0.9957557347369608,0.07396485121502994,3.1972245773362196,5,4,26,28,54,19,0,0,0,1,5,8,6.093924
1,1222,2014-11-02T19:46:48+00:00,0.37299917227237117,0.6270008277276289,4,4,0.9893632779509236,0.31881119722931756,4.433987204485146,4,3,39,15,54,4,0,0,0,1,4,1,2.54213
1,1237,2014-11-04T12:10:16+00:00,0.13001311078067743,0.8699868892193225,1,1,0.0,1.0,2.09861228866811,1,0,1,1,2,1,0,0,0,1,1,1,60.034988
1,1240,2014-11-05T08:47:28+00:00,0.4358077980792607,0.5641922019207393,61,61,0.9906527821387255,0.02905849486419704,5.672828834461906,4,3,396,396,792,61,0,0,0,1,6,9,1.183553
1,1242,2014-11-06T13:11:47+00:00,-0.013142203662395113,1.0131422036623952,1,1,0.0,1.0,2.6094379124341005,1,0,2,2,4,1,0,0,0,1,1,1,57.992269
1,1262,2014-12-07T22:53:07+00:00,0.27155971622447805,0.728440283775522,3,3,0.9952904315665072,0.3818176532902936,3.6390573296152584,3,2,17,8,25,3,0,0,0,1,2,1,26.588565
1,1290,2014-12-26T19:14:01+00:00,0.13906376572985102,0.860936234270149,2,2,0.951090697195433,0.6294536159763962,3.5649493574615367,2,1,13,1,14,2,0,0,0,1,4,1,7.740718
1,1303,2015-01-03T13:00:39+00:00,0.06346997329191714,0.9365300267080828,48,48,0.9999999999999999,0.020833333333333332,2.09861228866811,6,5,48,48,96,48,0,0,0,1,7,6,20.038113
1,1326,2015-01-23T13:55:32+00:00,0.3648434453294244,0.6351565546705755,3,3,0.9479051902582979,0.4657667167331125,4.044522437723423,3,2,24,3,27,3,0,0,0,0,0,0,
1,1332,2015-01-29T06:09:58+00:00,0.020271093488117693,0.9797289065118823,1,1,0.0,1.0,2.09861228866811,1,0,1,1,2,1,0,0,0,1,4,1,7.625799
1,1338,2015-02-05T21:11:07+00:00,0.08231719718159329,0.9176828028184068,1,1,0.0,1.0,4.044522437723423,1,0,17,3,20,1,0,0,0,1,3,1,45.773264
1,1341,2015-02-06T17:03:41+00:00,0.1210722008731111,0.8789277991268889,2,2,1.0,0.5,2.09861228866811,2,1,2,2,4,2,0,0,0,0,0,0,
1,1346,2015-02-08T12:42:37+00:00,0.15009493424159487,0.8499050657584051,1,1,0.0,1.0,3.1972245773362196,1,0,2,6,8,1,0,0,0,0,0,0,
1,1342,2015-02-18T17:16:28+00:00,0.6114671238544185,0.3885328761455815,3,3,0.898327209837698,0.46596451927225374,6.081404364984463,2,1,232,0,232,1,2,0,0,1,1,2,7.685486
1,1358,2015-02-26T09:43:34+00:00,0.462866343024032,0.5371336569759679,2,2,0.9687303808128962,0.6037241437439712,3.1972245773362196,1,0,9,1,10,2,0,0,0,0,0,0,
1,1360,2015-03-05T19:59:12+00:00,0.14119178363621882,0.8588082163637811,2,2,0.9595461359752375,0.617850319592224,4.218875824868201,2,1,27,1,28,2,0,0,0,0,0,0,
1,1393,2015-03-23T15:44:37+00:00,0.1338864074748636,0.8661135925251364,5,5,0.9788019309169698,0.2316151083664403,3.772588722239781,3,2,46,8,54,5,0,0,0,1,5,1,19.019965
1,1291,2015-04-11T16:13:22+00:00,0.2026658304750233,0.7973341695249767,2,2,0.999903716197148,0.505776563068816,5.736198448394496,2,1,182,30,212,1,1,0,0,1,5,1,0.245544
1,1431,2015-04-11T22:06:57+00:00,0.2105424349492677,0.7894575650507323,2,2,0.9882031712696117,0.5638538437153642,6.093750200806762,2,1,105,97,202,2,0,0,0,1,4,1,38.614711
1,1441,2015-04-19T09:37:55+00:00,0.338687331275682,0.661312668724318,1,1,0.0,1.0,2.9459101490553135,1,0,3,3,6,1,0,0,0,0,0,0,
1,1450,2015-05-02T19:58:44+00:00,0.2146633095708669,0.7853366904291331,2,2,1.0,0.5,2.6094379124341005,2,1,4,4,8,2,0,0,0,0,0,0,
1,1463,2015-05-20T12:52:08+00:00,0.047258774565841474,0.9527412254341585,1,1,0.0,1.0,2.386294361119891,1,0,2,1,3,1,0,0,0,1,3,1,14.120856
1,1480,2015-06-03T15:46:10+00:00,0.3047371550393642,0.6952628449606357,2,2,0.9074782942037906,0.6771271167757938,4.401197381662156,2,1,30,1,31,2,0,0,0,1,2,1,2.406088
1,1422,2015-06-06T01:30:56+00:00,0.21015596657151747,0.7898440334284825,2,2,0.9982557073242736,0.5245821500594753,3.3978952727983707,2,1,16,1,17,2,0,0,0,1,1,1,15.671273
1,1371,2015-06-06T05:29:28+00:00,0.06579329709354531,0.9342067029064547,1,1,0.0,1.0,3.833213344056216,1,0,8,8,16,1,0,0,0,1,2,1,40.180336
1,1496,2015-06-13T11:50:50+00:00,0.43249745267812106,0.5675025473218789,1,1,0.0,1.0,2.09861228866811,1,0,1,1,2,1,0,0,0,0,0,0,
1,1510,2015-06-21T17:37:34+00:00,0.4418222507387153,0.5581777492612847,1,1,0.0,1.0,3.0794415416798357,1,0,0,7,7,1,0,0,0,0,0,0,
1,1509,2015-06-30T19:33:04+00:00,0.3969471196337381,0.6030528803662619,4,4,0.9622462348798444,0.3590611442837218,4.13549421592915,4,3,35,0,35,4,0,0,0,0,0,0,
1,1530,2015-07-12T16:49:55+00:00,0.3423084974576158,0.6576915025423842,1,1,0.0,1.0,2.386294361119891,1,0,3,0,3,1,0,0,0,0,0,0,
1,1534,2015-07-16T09:49:09+00:00,0.24046437786781444,0.7595356221321856,1,1,0.0,1.0,2.09861228866811,1,0,1,1,2,1,0,0,0,1,1,1,0.021806
1,1535,2015-07-16T10:20:33+00:00,0.37443765266070944,0.6255623473392906,1,1,0.0,1.0,2.09861228866811,1,0,1,1,2,1,0,0,0,0,0,0,
1,1539,2015-07-27T17:25:27+00:00,0.1496722449558552,0.8503277550441448,1,1,0.0,1.0,3.8903717578961645,1,0,4,13,17,1,0,0,0,0,0,0,
1,1593,2015-10-30T18:10:08+00:00,0.25243003864643665,0.7475699613535634,5,5,0.9921551243719375,0.2353773831588931,3.70805020110221,3,2,36,7,43,5,0,0,0,1,3,2,7.335278
1,1608,2015-11-04T14:39:43+00:00,0.020111749754401435,0.9798882502455986,1,1,0.0,1.0,2.09861228866811,1,0,1,1,2,1,0,0,0,0,0,0,
1,1610,2015-11-07T02:12:56+00:00,0.26023664970365906,0.739763350296341,1,1,0.0,1.0,2.09861228866811,1,0,1,1,2,1,0,0,0,1,2,1,80.169537
1,1651,2015-12-13T17:21:01+00:00,0.5351333043215557,0.4648666956784443,1,1,0.0,1.0,2.09861228866811,1,0,0,2,2,1,0,0,0,1,1,1,50.929398
1,1671,2016-01-25T15:16:51+00:00,0.2403570111374645,0.7596429888625356,5,5,0.9594567878984284,0.2721544803668968,5.59511985013459,5,4,115,116,231,5,0,0,0,1,2,1,0.649514
1,1679,2016-01-26T06:17:04+00:00,0.38500169118074684,0.6149983088192532,3,3,0.9411121288461555,0.4978508580266392,4.044522437723423,2,1,23,1,24,3,0,0,0,1,3,1,9.02228
1,1703,2016-01-26T06:52:09+00:00,0.3954933092009827,0.6045066907990173,2,2,0.9438511076236176,0.6385854538015142,3.70805020110221,2,1,7,9,16,2,0,0,0,1,1,1,73.651829
1,1688,2016-01-26T07:02:48+00:00,0.4497884266991404,0.5502115733008597,1,1,0.0,1.0,2.09861228866811,1,0,1,1,2,1,0,0,0,1,2,1,66.677049
1,1715,2016-02-02T15:39:21+00:00,0.04289279572347235,0.9571072042765276,1,1,0.0,1.0,2.09861228866811,1,0,1,1,2,1,0,0,0,0,0,0,
1,1716,2016-02-04T06:49:09+00:00,0.6338985776123532,0.36610142238764676,3,3,0.980707809871255,0.4323817109914052,3.1972245773362196,2,1,5,7,12,3,0,0,0,1,2,1,60.481539
1,1760,2016-03-27T17:54:25+00:00,0.37658193236578474,0.6234180676342153,1,1,0.0,1.0,2.09861228866811,1,0,1,1,2,1,0,0,0,1,1,1,65.059687
1,1747,2016-04-01T23:17:45+00:00,0.14351816074773865,0.8564818392522613,2,2,0.979552642350957,0.5839819696361175,2.9459101490553135,2,1,4,4,8,2,0,0,0,1,4,1,0.826181
1,1484,2016-04-02T19:06:30+00:00,0.33177918326095374,0.6682208167390462,4,4,0.9930982152008359,0.2744817443088391,4.401197381662156,2,1,65,22,87,4,0,0,0,1,1,1,57.114294
1,1763,2016-04-02T19:07:27+00:00,0.14005445152897378,0.8599455484710262,2,2,1.0,0.5,3.302585092994046,2,1,15,3,18,2,0,0,0,1,3,1,53.998831
1,1577,2016-04-04T18:22:34+00:00,0.054011705346719556,0.9459882946532805,1,1,0.0,1.0,3.302585092994046,1,0,7,2,9,1,0,0,0,1,6,1,4.172373
1,1766,2016-04-04T21:19:10+00:00,0.5283778590159594,0.47162214098404065,3,3,0.924087740928639,0.4501828169335016,6.093750200806762,2,1,1,239,240,1,0,2,0,0,0,0,
1,1777,2016-04-08T15:53:25+00:00,0.04610078270855918,0.9538992172914408,1,1,0.0,1.0,2.09861228866811,1,0,1,1,2,1,0,0,0,0,0,0,
1,1728,2016-04-08T22:30:47+00:00,0.16582559348047277,0.8341744065195272,5,5,0.968445373703445,0.33183917896504284,3.5649493574615367,4,3,16,1,17,5,0,0,0,1,6,2,37.795926
1,1781,2016-05-04T13:46:49+00:00,0.11170113277716294,0.888298867222837,1,1,0.0,1.0,3.4849066497880004,1,0,6,5,11,1,0,0,0,0,0,0,
1,1801,2016-05-09T05:44:17+00:00,0.46815750275470047,0.5318424972452995,1,1,0.0,1.0,3.302585092994046,1,0,5,4,9,1,0,0,0,0,0,0,
1,1806,2016-05-16T17:36:55+00:00,0.48547945052906494,0.5145205494709351,5,5,0.9087670647729926,0.40147928307399516,5.927253685157205,2,1,149,1,150,1,4,0,0,1,4,1,5.855856
1,1812,2016-05-20T19:57:10+00:00,0.22153012922376233,0.7784698707762376,1,1,0.0,1.0,2.6094379124341005,1,0,2,2,4,1,0,0,0,0,0,0,
1,1811,2016-05-22T14:09:21+00:00,0.47727075339377373,0.5227292466062263,1,1,0.0,1.0,3.8903717578961645,1,0,16,1,17,1,0,0,0,1,3,1,4.205845
1,1820,2016-05-26T19:05:46+00:00,0.33729536518864556,0.6627046348113544,19,19,0.9777718568815406,0.09665796174252164,5.969813299576001,5,4,189,246,435,19,0,0,0,1,10,3,0.02956
1,1814,2016-05-26T19:34:56+00:00,0.16341147239319734,0.8365885276068027,1,1,0.0,1.0,4.465735902799727,1,0,20,11,31,1,0,0,0,0,0,0,
1,1813,2016-05-26T19:48:20+00:00,0.13773022575991453,0.8622697742400854,2,2,0.9991526198351688,0.5171354043747695,3.6390573296152584,2,1,21,2,23,2,0,0,0,1,1,1,8.975405
1,1821,2016-05-26T20:17:34+00:00,0.35368042280112766,0.6463195771988723,2,2,0.9969083315439985,0.5327219348906154,4.555348061489413,2,1,53,0,53,2,0,0,0,1,5,1,4.043762
1,1822,2016-05-26T20:31:15+00:00,0.15296907898230655,0.8470309210176934,3,3,0.9402668755493833,0.4638967480344178,5.394449154672439,3,2,66,38,104,3,0,0,0,0,0,0,
1,1831,2016-05-29T21:51:05+00:00,0.3950084784410276,0.6049915215589724,1,1,0.0,1.0,2.09861228866811,1,0,1,1,2,1,0,0,0,0,0,0,
1,1830,2016-05-30T21:20:35+00:00,0.386549901470907,0.6134500985290929,1,1,0.0,1.0,2.09861228866811,1,0,1,1,2,1,0,0,0,1,5,1,2.605995
1,1840,2016-05-31T19:20:22+00:00,0.35626724748254296,0.643732752517457,2,2,0.9955724540151776,0.5391522685349255,2.791759469228055,1,0,5,3,8,2,0,0,0,0,0,0,
1,1848,2016-06-02T11:53:13+00:00,0.5327827068530877,0.4672172931469123,1,1,0.0,1.0,4.401197381662156,1,0,26,3,29,1,0,0,0,1,4,1,1.199965
1,1870,2016-06-02T22:40:59+00:00,0.3392699146695373,0.6607300853304627,2,2,0.9118165099441321,0.6730147588198843,3.4849066497880004,2,1,9,3,12,2,0,0,0,0,0,0,
1,1872,2016-06-03T16:41:10+00:00,0.35547874175622884,0.6445212582437712,2,2,0.9976483377441978,0.5285408670505566,3.302585092994046,2,1,11,4,15,2,0,0,0,1,3,1,20.1386
1,1730,2016-06-04T19:12:55+00:00,0.1789790765216344,0.8210209234783656,3,3,0.9490220999808842,0.42157114970942405,4.80666248977032,3,2,63,15,78,3,0,0,0,1,1,1,82.246632
1,1912,2016-06-14T20:46:27+00:00,0.42494426447972083,0.5750557355202792,1,1,0.0,1.0,3.8903717578961645,1,0,1,16,17,1,0,0,0,1,8,1,11.990509
1,1913,2016-06-15T16:27:06+00:00,0.0702039865149475,0.9297960134850525,1,1,0.0,1.0,2.791759469228055,1,0,1,4,5,1,0,0,0,0,0,0,
1,1928,2016-06-23T20:00:45+00:00,0.20478058619956532,0.7952194138004347,1,1,0.0,1.0,2.386294361119891,1,0,2,1,3,1,0,0,0,1,3,1,49.716146
1,1932,2016-06-26T20:32:47+00:00,-0.0027973082287273982,1.0027973082287274,1,1,0.0,1.0,2.09861228866811,1,0,1,1,2,1,0,0,0,1,7,1,61.833576
1,1945,2016-07-06T00:31:00+00:00,0.4088130952720805,0.5911869047279195,25,26,0.950060504058882,0.07925054676705821,5.931825632724326,2,1,323,127,450,13,6,0,7,1,2,3,47.765208
1,1950,2016-08-12T13:12:00+00:00,0.45293549049390175,0.5470645095060982,2,2,0.9687303808128962,0.6037241437439712,3.1972245773362196,2,1,9,1,10,2,0,0,0,1,4,1,15.139676
1,1954,2016-08-22T18:52:54+00:00,0.5911485078762907,0.4088514921237093,16,17,0.9417862197238589,0.1915898483946108,5.931825632724326,2,1,29,11,40,3,5,1,8,0,0,0,
1,1988,2016-08-26T01:08:04+00:00,0.28142064503906244,0.7185793549609376,4,4,0.9864223561896921,0.2937425522825988,5.04305126783455,4,3,103,30,133,4,0,0,0,1,4,1,9.930567
1,1996,2016-08-27T16:33:08+00:00,0.3341847293316665,0.6658152706683336,3,3,0.9964185484011395,0.3678194496401467,2.6094379124341005,2,1,5,4,9,3,0,0,0,1,11,2,2.245278
1,1998,2016-08-29T22:26:20+00:00,0.31814756080902934,0.6818524391909706,5,5,1.0000000000000002,0.19999999999999998,2.09861228866811,3,2,5,5,10,5,0,0,0,1,8,1,6.687963
1,2000,2016-08-31T16:37:36+00:00,0.5800824238943835,0.41991757610561653,2,2,0.991735803318151,0.5534666177270352,2.09861228866811,1,0,2,1,3,2,0,0,0,1,2,1,38.081481
1,2003,2016-09-04T23:28:05+00:00,0.3263320996467514,0.6736679003532486,2,2,0.9973521931507726,0.530283632357232,2.9459101490553135,2,1,7,3,10,2,0,0,0,1,3,1,7.808762
1,2004,2016-09-05T14:57:00+00:00,0.4617783129100927,0.5382216870899073,1,1,0.0,1.0,2.9459101490553135,1,0,3,3,6,1,0,0,0,1,7,1,1.233032
1,2006,2016-09-06T20:32:34+00:00,0.4137316323698263,0.5862683676301736,3,3,0.9982856641354603,0.36246487378974507,2.386294361119891,2,1,1,6,7,3,0,0,0,1,8,2,1.793252
1,2014,2016-09-08T15:34:51+00:00,0.3955200815198474,0.6044799184801526,1,1,0.0,1.0,2.09861228866811,1,0,1,1,2,1,0,0,0,1,5,1,1.376134
1,2013,2016-09-10T00:36:29+00:00,0.38047094023136274,0.6195290597686373,3,3,0.9577641791063858,0.4121795883027172,4.401197381662156,3,2,50,4,54,3,0,0,0,1,4,1,2.337442
1,2022,2016-09-12T08:42:24+00:00,0.3085435793236732,0.6914564206763267,1,1,0.0,1.0,2.6094379124341005,1,0,2,2,4,1,0,0,0,1,3,1,13.321875
1,2019,2016-09-12T18:52:42+00:00,0.2383563002378214,0.7616436997621786,3,3,0.9956533190937883,0.3798938254703774,3.1972245773362196,3,2,5,11,16,3,0,0,0,1,2,1,5.720347
1,1993,2016-09-12T18:54:51+00:00,0.5298272421015481,0.4701727578984519,2,2,0.96703271351993,0.6064814189690476,2.6094379124341005,2,1,5,0,5,2,0,0,0,0,0,0,
1,2026,2016-09-18T12:10:00+00:00,0.41351851354867764,0.5864814864513224,1,1,0.0,1.0,2.09861228866811,1,0,1,1,2,1,0,0,0,1,1,1,7.940116
1,2028,2016-09-19T03:24:46+00:00,0.3654860585161857,0.6345139414838143,1,1,0.0,1.0,2.09861228866811,1,0,1,1,2,1,0,0,0,0,0,0,
1,2039,2016-09-25T16:25:54+00:00,0.42500569565444934,0.5749943043455507,1,1,0.0,1.0,2.09861228866811,1,0,1,1,2,1,0,0,0,1,2,1,36.010926
1,2031,2016-09-26T10:43:46+00:00,0.3381667080874365,0.6618332919125636,3,3,0.9171272654378803,0.45152090153781854,5.189654742026425,3,2,93,9,102,3,0,0,0,0,0,0,
1,2046,2016-10-01T16:45:22+00:00,0.4668070034363882,0.5331929965636117,2,2,0.9687303808128962,0.6037241437439712,3.1972245773362196,2,1,5,5,10,2,0,0,0,1,1,1,31.379977
1,2052,2016-10-08T18:34:56+00:00,0.5702247352628385,0.42977526473716154,1,1,0.0,1.0,2.09861228866811,1,0,1,1,2,1,0,0,0,1,1,1,21.791597
1,2047,2016-10-12T06:54:25+00:00,0.31199259592708606,0.6880074040729139,3,3,0.9574114905315282,0.44113945171393426,4.58351893845611,3,2,51,0,51,3,0,0,0,0,0,0,
1,2068,2016-10-30T13:34:50+00:00,0.4694298188938682,0.5305701811061319,3,3,0.9999999999999998,0.3333333333333333,2.09861228866811,2,1,3,3,6,3,0,0,0,0,0,0,
1,2070,2016-10-31T16:41:38+00:00,0.24837724894822424,0.7516227510517758,1,1,0.0,1.0,2.386294361119891,1,0,2,1,3,1,0,0,0,1,2,1,0.912257
1,2072,2016-11-01T14:35:17+00:00,0.14141569596284398,0.858584304037156,1,1,0.0,1.0,3.70805020110221,1,0,1,13,14,1,0,0,0,1,1,1,77.282639
1,2067,2016-11-02T01:52:32+00:00,0.48340214920378366,0.5165978507962163,4,4,0.9965633885443975,0.29302160543682565,2.6094379124341005,1,0,5,5,10,4,0,0,0,1,1,1,49.760718
1,2093,2016-12-21T20:07:58+00:00,0.08491904903605428,0.9150809509639457,1,1,0.0,1.0,4.218875824868201,1,0,14,10,24,1,0,0,0,0,0,0,
1,2089,2016-12-21T20:08:39+00:00,0.11641789477025066,0.8835821052297493,2,2,0.9847302250832063,0.5726182023518449,3.1972245773362196,2,1,10,1,11,2,0,0,0,0,0,0,
1,2123,2016-12-26T02:50:48+00:00,0.31090975862703374,0.6890902413729663,3,3,0.9574585732187862,0.4797333999136603,4.13549421592915,3,2,24,3,27,3,0,0,0,0,0,0,
1,2131,2017-01-15T04:56:13+00:00,0.40030355767160813,0.5996964423283919,10,10,0.9479971652283399,0.17098940648305735,3.5649493574615367,3,2,37,0,37,2,8,0,0,0,0,0,
1,2155,2017-01-17T15:15:51+00:00,0.3620833216965135,0.6379166783034864,1,1,0.0,1.0,2.09861228866811,1,0,1,1,2,1,0,0,0,1,2,1,81.110069
1,2152,2017-01-17T21:22:17+00:00,0.23970292242222704,0.760297077577773,1,1,0.0,1.0,3.833213344056216,1,0,8,8,16,1,0,0,0,1,5,1,47.655359
1,2180,2017-02-11T09:43:11+00:00,0.2953184779233723,0.7046815220766277,22,22,0.994091295544476,0.0686034352169918,3.70805020110221,4,3,43,43,86,22,0,0,0,0,0,0,
1,2182,2017-02-15T16:55:57+00:00,0.12461594378041137,0.8753840562195886,1,1,0.0,1.0,2.6094379124341005,1,0,2,2,4,1,0,0,0,1,4,1,19.34294
1,2201,2017-03-06T13:06:00+00:00,0.38208742071426127,0.6179125792857387,6,6,0.996926998267942,0.19168262833332814,2.6094379124341005,3,2,8,8,16,6,0,0,0,1,17,1,0.502627
1,2193,2017-03-07T01:09:47+00:00,0.1992802068139732,0.8007197931860268,6,6,0.9923075654622621,0.22873314318895518,3.1972245773362196,4,3,11,8,19,6,0,0,0,1,20,2,4.70125
1,2203,2017-03-11T17:59:35+00:00,0.4331783008125444,0.5668216991874556,1,1,0.0,1.0,2.386294361119891,1,0,2,1,3,1,0,0,0,1,17,1,19.922315
1,2209,2017-03-16T20:43:01+00:00,0.324826053238577,0.6751739467614231,2,2,0.9804125916215737,0.5822052314842758,3.8903717578961645,2,1,21,1,22,2,0,0,0,1,9,1,7.802778
1,2217,2017-03-24T15:59:01+00:00,0.46359981083057544,0.5364001891694246,2,2,0.9914913036031162,0.5542502311940515,2.6094379124341005,2,1,4,2,6,2,0,0,0,1,9,1,33.072419
1,2222,2017-03-31T16:07:43+00:00,0.12720047727110784,0.8727995227288922,3,3,0.9737926730589241,0.4490810926376422,3.8903717578961645,3,2,23,0,23,3,0,0,0,1,22,1,6.933461
1,2231,2017-04-06T15:31:26+00:00,0.6268726168262978,0.3731273831737022,1,1,0.0,1.0,3.302585092994046,1,0,4,5,9,1,0,0,0,1,4,1,18.072859
1,1560,2017-04-07T14:31:54+00:00,0.3129874535319844,0.6870125464680156,4,4,0.9585244027815334,0.3399220118902811,4.367295829986475,4,3,46,7,53,4,0,0,0,1,21,1,11.635174
1,2223,2017-04-08T17:54:21+00:00,0.16840507419786588,0.8315949258021341,2,2,0.9983445794550365,0.5239479762780309,4.218875824868201,2,1,37,3,40,2,0,0,0,1,8,1,3.970937
1,2238,2017-04-12T17:12:30+00:00,0.018080756029667085,0.9819192439703329,1,1,0.0,1.0,3.4849066497880004,1,0,4,7,11,1,0,0,0,1,7,1,7.956921
1,2248,2017-04-19T05:46:33+00:00,0.25243720224745525,0.7475627977525447,1,1,0.0,1.0,2.09861228866811,1,0,1,1,2,1,0,0,0,1,22,1,2.406007
1,2017,2017-04-20T16:10:28+00:00,0.14313350069593359,0.8568664993040664,3,3,0.9468640293266899,0.48813838061967335,3.8903717578961645,3,2,21,0,21,3,0,0,0,1,6,1,23.544051
1,2249,2017-04-21T15:31:12+00:00,0.08248856906424044,0.9175114309357596,3,3,0.9693773436279292,0.4472836484044756,4.931825632724326,3,2,61,4,65,3,0,0,0,1,21,1,1.258449
1,2252,2017-04-21T18:16:18+00:00,0.20392283795990815,0.7960771620400918,3,3,0.9474256343497975,0.411392201442611,4.761200115693562,3,2,66,18,84,3,0,0,0,1,1,1,32.06265
1,2254,2017-04-22T21:43:22+00:00,0.23831892482419828,0.7616810751758017,3,3,0.9533108191091182,0.48702905015048126,4.258096538021482,3,2,29,1,30,3,0,0,0,1,20,1,2.752095
1,1898,2017-04-24T17:16:21+00:00,0.5679918872443831,0.4320081127556169,3,3,0.9877689554430568,0.4055487272813817,4.58351893845611,2,1,53,2,55,3,0,0,0,1,5,2,15.002442
1,2256,2017-04-25T15:46:23+00:00,0.24890921401605043,0.7510907859839495,3,3,0.9442919482205719,0.417206651426265,6.14166355650266,3,2,207,110,317,3,0,0,0,1,19,1,0.139086
1,2258,2017-04-25T19:06:40+00:00,0.07371956911129887,0.9262804308887012,1,1,0.0,1.0,5.2626798770413155,1,0,39,31,70,1,0,0,0,1,18,1,27.485903
1,2259,2017-04-26T17:43:18+00:00,0.26287949189486604,0.737120508105134,3,3,0.950924388397389,0.4201086301894148,5.3694478524670215,3,2,125,11,136,3,0,0,0,1,11,1,26.229282
1,2276,2017-05-09T17:19:52+00:00,0.0963319480200543,0.9036680519799457,1,1,0.0,1.0,1.6931471805599454,1,0,0,1,1,1,0,0,0,1,2,1,23.991725
1,2282,2017-05-14T05:13:54+00:00,0.22473307639191223,0.7752669236080878,4,4,0.9858456480448655,0.3137499706598166,5.406719247264253,3,2,122,24,146,4,0,0,0,1,8,2,1.790058
1,2284,2017-05-16T00:11:35+00:00,0.24064981107295957,0.7593501889270404,2,2,0.9998460917861629,0.5073033297480358,4.258096538021482,2,1,26,21,47,2,0,0,0,1,4,1,9.732766
1,2288,2017-05-20T20:45:49+00:00,0.33164059560593884,0.6683594043940612,2,2,0.9967803472947051,0.5333918594039119,5.442651256490317,2,1,97,29,126,2,0,0,0,1,4,1,4.87566
1,2297,2017-05-22T23:13:28+00:00,0.12475477265181079,0.8752452273481892,3,3,0.9621901846169469,0.40800427729603944,4.7841896339182615,3,2,72,8,80,3,0,0,0,1,10,1,1.007662
1,2310,2017-05-23T06:46:22+00:00,0.08306500641147287,0.9169349935885271,1,1,0.0,1.0,2.09861228866811,1,0,0,2,2,1,0,0,0,1,18,1,0.502882
1,2307,2017-05-23T18:50:31+00:00,0.48761261232129366,0.5123873876787064,4,4,0.9318117380119295,0.43821675101274726,6.3230099791384085,3,2,118,102,220,4,0,0,0,1,18,2,0.000532
1,2314,2017-05-23T18:51:17+00:00,0.2989654257685696,0.7010345742314303,2,2,0.9926899126689649,0.5502911651002954,5.060443010546419,2,1,67,12,79,2,0,0,0,1,16,1,2.121042
1,2316,2017-05-23T19:46:31+00:00,0.33472680976265407,0.6652731902373459,2,2,0.9427415029459497,0.6399297302656574,4.637586159726386,2,1,41,0,41,2,0,0,0,0,0,0,
1,2319,2017-05-23T23:24:30+00:00,0.21086983482635882,0.7891301651736412,4,4,0.9581572246927672,0.357142235144331,5.143134726391533,3,2,69,28,97,4,0,0,0,1,9,1,1.939444
1,2322,2017-05-25T17:46:46+00:00,0.12688791467137903,0.873112085328621,3,3,0.9981530003335601,0.3629129361742358,4.295836866004329,2,1,45,11,56,3,0,0,0,1,5,2,3.146655
1,1621,2017-05-25T21:45:35+00:00,0.29396077967421574,0.7060392203257843,3,3,0.98653060856452,0.39311493272308257,4.49650756146648,1,0,52,5,57,3,0,0,0,1,18,2,2.98081
1,2326,2017-05-25T21:57:18+00:00,0.32512490697940966,0.6748750930205903,3,3,0.9893137073103044,0.3951283863676038,5.51085950651685,2,1,113,30,143,2,1,0,0,1,8,1,0.639155
1,2228,2017-05-25T22:00:03+00:00,0.632395659391715,0.36760434060828495,11,12,0.95038936963735,0.1673064353843591,6.382026634673881,1,0,157,72,229,8,3,0,1,1,1,1,33.708403
1,2338,2017-05-26T13:17:41+00:00,0.09090588718219146,0.9090941128178085,1,1,0.0,1.0,3.1972245773362196,1,0,4,4,8,1,0,0,0,1,7,1,1.494375
1,2342,2017-05-28T01:09:35+00:00,0.4657513274686174,0.5342486725313826,1,1,0.0,1.0,3.0794415416798357,1,0,5,2,7,1,0,0,0,1,6,1,7.770127
1,2344,2017-05-28T21:17:57+00:00,0.23893601637506373,0.7610639836249362,4,4,0.9994758109070376,0.25546138307911875,2.6094379124341005,2,1,9,6,15,4,0,0,0,1,19,3,0.832315
1,2346,2017-05-29T17:16:29+00:00,0.0733977150449414,0.9266022849550586,3,3,0.9778084883021708,0.4016580270440697,4.091042453358316,2,1,12,26,38,3,0,0,0,1,3,2,3.994074
1,2347,2017-05-29T20:42:07+00:00,0.4957941303724483,0.5042058696275518,3,3,0.983686552591943,0.42392614379398186,4.433987204485146,1,0,37,6,43,3,0,0,0,1,17,3,0.257778
1,2348,2017-05-30T02:53:19+00:00,0.30972291856346157,0.6902770814365384,5,5,0.9811584117483558,0.2903323930953437,4.465735902799727,4,3,43,8,51,5,0,0,0,1,12,1,2.049329
1,2350,2017-06-01T04:04:21+00:00,0.42164622312618505,0.578353776873815,3,3,0.9765375931410815,0.3943266560423216,5.276666119016055,3,2,79,54,133,3,0,0,0,1,11,1,4.396157
1,2352,2017-06-02T17:07:57+00:00,0.6104871384105318,0.3895128615894682,7,7,0.9779272440631823,0.2110832099635303,6.697093486505405,4,3,399,112,511,4,2,0,1,1,1,1,12.357153
1,2353,2017-06-02T17:23:52+00:00,0.1521389054671603,0.8478610945328398,1,1,0.0,1.0,4.091042453358316,1,0,11,10,21,1,0,0,0,1,3,1,2.068623
1,2354,2017-06-03T19:26:15+00:00,0.20240752232688802,0.797592477673112,3,3,0.9856746933334232,0.3874378829871315,3.995732273553991,3,2,29,8,37,3,0,0,0,0,0,0,
1,2358,2017-06-04T19:02:41+00:00,0.3308253759350111,0.669174624064989,7,7,0.9588577191459298,0.25130848696963537,6.384495062789089,5,4,186,105,291,7,0,0,0,1,4,2,21.852106
1,2359,2017-06-04T19:38:34+00:00,0.6185895969282618,0.38141040307173824,1,1,0.0,1.0,3.9444389791664403,1,0,9,9,18,1,0,0,0,1,5,1,10.012604
1,2362,2017-06-05T13:34:49+00:00,0.03201169519132902,0.9679883048086709,3,3,0.9756250400481885,0.3959503959513732,4.526360524616162,3,2,48,15,63,3,0,0,0,1,10,1,1.054248
1,2363,2017-06-06T14:52:56+00:00,0.36405420373197483,0.6359457962680252,3,3,0.9950081148654389,0.3832644798842646,4.688879454113936,1,0,56,13,69,3,0,0,0,1,9,3,3.917187
1,2367,2017-06-10T12:53:41+00:00,0.37596429149941923,0.6240357085005808,1,1,0.0,1.0,2.09861228866811,1,0,1,1,2,1,0,0,0,1,8,1,4.075035
1,2371,2017-06-14T14:41:44+00:00,0.5881457690672831,0.4118542309327169,2,2,0.999362837583965,0.5148590428855383,4.433987204485146,1,0,39,14,53,2,0,0,0,1,7,1,0.218738
1,2373,2017-06-14T19:56:43+00:00,0.5669882652517297,0.43301173474827026,4,4,0.9738458735091218,0.35101621226503466,5.060443010546419,3,2,75,8,83,4,0,0,0,1,9,2,1.752581
1,2374,2017-06-15T01:42:15+00:00,0.3165975571566134,0.6834024428433866,3,3,0.9526780000424799,0.4850108359625851,4.433987204485146,3,2,35,1,36,3,0,0,0,0,0,0,
1,2378,2017-06-16T14:00:26+00:00,0.39687565719512213,0.6031243428048778,5,5,0.965692984375505,0.28497799848386435,4.951243718581427,3,2,75,19,94,3,2,0,0,1,3,1,11.034664
1,2393,2017-06-26T14:35:20+00:00,0.34268722977033145,0.6573127702296686,1,1,0.0,1.0,4.091042453358316,1,0,0,21,21,1,0,0,0,1,5,1,0.037766
1,2394,2017-06-26T15:29:43+00:00,0.5075284610817605,0.49247153891823947,6,6,0.9936618745359612,0.21176551377051528,5.189654742026425,3,2,61,96,157,6,0,0,0,1,5,2,0.054097
1,2395,2017-06-26T16:18:21+00:00,0.5579522943404538,0.4420477056595462,6,6,0.9562245707500832,0.23306739654073477,6.288267030694535,5,4,4,495,499,2,0,4,0,1,1,1,20.192338
1,2396,2017-06-26T16:23:07+00:00,0.39876627132572345,0.6012337286742766,1,1,0.0,1.0,6.700443573390687,1,0,0,298,298,0,0,1,0,0,0,0,
1,2397,2017-06-26T16:47:37+00:00,0.2518815349873168,0.7481184650126832,3,3,0.9743136704684285,0.43482965398055584,4.295836866004329,3,2,3,34,37,2,0,1,0,0,0,0,
1,2398,2017-06-27T14:50:21+00:00,0.07902862333035046,0.9209713766696496,1,1,0.0,1.0,3.0794415416798357,1,0,4,3,7,1,0,0,0,1,2,1,17.506597
1,2399,2017-06-28T15:00:09+00:00,0.3640630690337233,0.6359369309662767,15,15,0.988802145320054,0.09606913828815587,4.218875824868201,4,3,41,79,120,15,0,0,0,1,3,1,11.97213
1,2409,2017-07-10T14:20:01+00:00,0.49548560353523996,0.50451439646476,2,2,0.9572735774830636,0.6210829484121675,4.828641396489095,2,1,48,3,51,2,0,0,0,1,2,1,6.274514
1,2412,2017-07-13T15:42:53+00:00,0.4920387904786711,0.5079612095213288,3,3,0.9668266117455419,0.4267875518654881,4.713572066704308,3,2,52,9,61,3,0,0,0,1,1,1,16.185
1,2414,2017-07-15T02:59:51+00:00,0.37804260356413955,0.6219573964358605,8,8,0.9279760308388942,0.24509348576723392,6.14166355650266,3,2,162,155,317,4,4,0,0,1,2,1,1.746852
1,2416,2017-07-16T20:55:19+00:00,0.40335113334929096,0.596648866650709,12,13,0.9700952044283669,0.1355813784978236,5.624972813284271,8,7,235,42,277,11,2,0,0,1,2,2,14.978079
1,2430,2017-07-29T20:09:17+00:00,0.16721308388032832,0.8327869161196717,3,3,0.9933977426562981,0.37484625811796896,3.1972245773362196,3,2,15,2,17,3,0,0,0,0,0,0,
1,2436,2017-07-31T20:23:45+00:00,0.43557536652457857,0.5644246334754215,13,13,0.974063748722244,0.11106815674601105,6.3612921657094255,4,3,404,456,860,11,2,0,0,0,0,0,
1,2475,2017-09-28T18:00:49+00:00,0.034177617298324275,0.9658223827016758,1,1,0.0,1.0,2.09861228866811,1,0,1,1,2,1,0,0,0,1,1,1,57.234039
1,2467,2017-10-07T17:52:45+00:00,0.3221186121773756,0.6778813878226244,1,1,0.0,1.0,2.6094379124341005,1,0,4,0,4,1,0,0,0,0,0,0,
1,2450,2017-10-09T15:18:35+00:00,0.38755865680552615,0.6124413431944739,3,3,0.9775342354462697,0.44035585410377637,3.302585092994046,3,2,13,0,13,3,0,0,0,0,0,0,
1,2490,2017-10-10T18:59:29+00:00,0.40405535222179834,0.5959446477782017,5,5,0.9361739367650151,0.3347018827523922,7.208590026096629,3,2,378,302,680,5,0,0,0,1,3,1,13.465787
1,2502,2017-10-24T06:10:13+00:00,0.27562797045873205,0.7243720295412679,1,1,0.0,1.0,2.09861228866811,1,0,1,1,2,1,0,0,0,1,3,1,31.713148
1,2529,2017-11-24T23:17:09+00:00,0.10570611325045093,0.8942938867495491,2,2,0.991735803318151,0.5534666177270352,2.09861228866811,2,1,2,1,3,2,0,0,0,1,6,1,42.701944
1,2527,2017-11-24T23:37:50+00:00,0.23127478187549405,0.7687252181245059,3,3,0.978625996768297,0.42286593548517004,4.091042453358316,3,2,30,2,32,3,0,0,0,1,6,1,41.913287
1,2577,2018-01-03T21:18:00+00:00,0.37861109625451483,0.6213889037454852,1,1,0.0,1.0,2.09861228866811,1,0,1,1,2,1,0,0,0,1,1,1,35.996134
1,2580,2018-01-04T21:04:30+00:00,0.22235017663322312,0.7776498233667769,2,2,0.972774090353526,0.5968311634856304,5.1588830833596715,2,1,47,27,74,2,0,0,0,1,2,1,19.094282
1,2581,2018-01-05T15:55:41+00:00,0.15479109460456217,0.8452089053954378,2,2,0.9925958546133744,0.5506131246596158,3.1972245773362196,2,1,10,2,12,2,0,0,0,1,1,1,34.219965
1,2558,2018-01-05T21:32:58+00:00,0.3619660269540527,0.6380339730459472,3,3,0.9973904711724605,0.35269340380360525,4.218875824868201,3,2,41,18,59,2,1,0,0,1,5,2,0.511157
1,2582,2018-01-06T09:49:02+00:00,0.5249125107691127,0.4750874892308873,2,2,0.991992572220529,0.5526310253471353,3.6390573296152584,1,0,3,16,19,2,0,0,0,1,5,2,0.263137
1,2570,2018-01-06T16:07:57+00:00,0.37190940704590747,0.6280905929540925,10,10,0.992606453127856,0.13639307688061952,5.30406509320417,3,2,154,74,228,10,0,0,0,1,12,3,4.171389
1,2591,2018-01-10T20:14:45+00:00,0.15043257548419076,0.8495674245158092,2,2,0.9932054991060394,0.5484880968501196,5.2626798770413155,1,0,58,39,97,2,0,0,0,1,13,2,0.147199
1,2593,2018-01-10T23:46:43+00:00,0.4231071232767354,0.5768928767232646,7,7,0.9881794949188312,0.18961433039168626,5.442651256490317,2,1,129,83,212,7,0,0,0,1,8,2,12.981632
1,2606,2018-01-23T18:09:43+00:00,0.32303561827410626,0.6769643817258937,3,3,0.9466659383860807,0.4252423533264434,5.605170185988092,3,2,159,8,167,3,0,0,0,1,7,1,0.229167
1,2607,2018-01-23T23:20:16+00:00,0.28596952683938937,0.7140304731606106,6,6,0.9720384712900431,0.22823447992168983,4.401197381662156,4,3,67,7,74,6,0,0,0,1,7,2,15.911227
1,2603,2018-01-23T23:39:43+00:00,0.5718361806459151,0.4281638193540849,1,1,0.0,1.0,2.9459101490553135,1,0,3,3,6,1,0,0,0,1,6,1,4.824583
1,2530,2018-01-28T19:27:07+00:00,0.0823696188882155,0.9176303811117845,2,2,0.977361269762508,0.5883451168761814,4.401197381662156,2,1,36,0,36,2,0,0,0,1,5,1,11.073137
1,2622,2018-02-06T16:14:10+00:00,0.08447970446602035,0.9155202955339796,4,4,0.989639111758094,0.3051665181180011,4.401197381662156,4,3,29,32,61,4,0,0,0,1,3,2,2.20713
1,2624,2018-02-08T21:12:26+00:00,0.3194629969846269,0.6805370030153731,65,67,0.9780452834185426,0.05116694612545171,10.05515773181968,16,15,486,705,1191,63,1,3,0,1,23,23,4.181042
1,2630,2018-02-13T01:33:08+00:00,0.24781547023959247,0.7521845297604075,1,1,0.0,1.0,2.6094379124341005,1,0,2,2,4,1,0,0,0,1,7,1,6.945185
1,2636,2018-02-20T00:14:12+00:00,0.4352674361954863,0.5647325638045138,6,6,0.9855769571222913,0.20549040783714026,4.912023005428146,4,3,140,12,152,6,0,0,0,1,6,2,3.689676
1,2635,2018-02-23T16:47:20+00:00,0.2523713228956906,0.7476286771043095,5,5,0.987147517357195,0.2509776619060619,4.80666248977032,4,3,82,25,107,5,0,0,0,1,5,1,44.607604
1,2629,2018-02-24T00:00:31+00:00,0.37676458310414707,0.6232354168958529,3,3,0.9809979755549996,0.43025212284649705,3.772588722239781,3,2,20,2,22,3,0,0,0,1,4,1,62.49662
1,2668,2018-03-22T19:06:06+00:00,0.49475355325279896,0.5052464467472011,1,1,0.0,1.0,2.791759469228055,1,0,5,0,5,1,0,0,0,1,9,1,19.017894
1,2685,2018-04-09T07:22:17+00:00,0.4262592714715459,0.5737407285284541,7,7,0.9802095477334752,0.19053443877223905,6.945420608606575,2,1,542,375,917,7,0,0,0,1,4,1,1.4611
1,2676,2018-04-09T08:09:04+00:00,0.49106891246133694,0.508931087538663,100,103,0.9802188515289394,0.018912002055164898,7.817111159963204,4,3,3340,2237,5577,10,35,57,1,1,1,2,3.430394
1,2665,2018-04-09T10:00:14+00:00,0.3685359261519411,0.6314640738480589,3,3,0.9793183586417853,0.3904101002378836,3.9444389791664403,3,2,30,6,36,3,0,0,0,1,3,1,1.28265
1,2691,2018-04-10T16:47:15+00:00,0.40404337758663966,0.5959566224133603,4,4,0.9819895292947599,0.30454409566531454,4.931825632724326,3,2,82,26,108,4,0,0,0,1,2,2,0.068762
1,2693,2018-04-10T18:26:16+00:00,0.27754273247138295,0.722457267528617,6,6,0.9720852160795708,0.23487226060632377,4.433987204485146,4,3,65,5,70,6,0,0,0,1,4,2,0.064236
1,2694,2018-04-10T19:31:52+00:00,0.26480323941502965,0.7351967605849703,1,1,0.0,1.0,3.9444389791664403,1,0,9,9,18,1,0,0,0,1,9,1,7.986956
1,2695,2018-04-10T19:58:46+00:00,0.20093393052089611,0.7990660694791039,3,3,0.9932530967080193,0.3802353285488792,4.912023005428146,2,1,67,23,90,3,0,0,0,0,0,0,
1,2699,2018-04-12T18:28:50+00:00,0.4514412309170802,0.5485587690829198,19,21,0.9811603063975187,0.10915297303466692,8.073044534100404,3,2,341,13,354,7,14,0,0,0,0,0,
1,2709,2018-04-18T19:13:05+00:00,0.4316337522981659,0.5683662477018341,25,25,0.96953463325059,0.09634477910059579,6.968707559985366,6,5,190,590,780,21,0,4,0,1,9,2,0.064236
1,2707,2018-04-18T20:45:35+00:00,0.5194150919680323,0.48058490803196774,2,2,0.9405391273908835,0.6425582628206437,3.772588722239781,1,0,11,6,17,2,0,0,0,1,9,2,8.889803
1,2711,2018-04-19T13:57:12+00:00,0.2445142056765387,0.7554857943234613,2,2,0.9973841623241203,0.5301003687209999,3.833213344056216,2,1,21,5,26,2,0,0,0,0,0,0,
1,2730,2018-04-27T11:55:39+00:00,0.04578814268910277,0.9542118573108972,3,3,0.9911992222847484,0.38625341032120714,2.386294361119891,3,2,5,1,6,3,0,0,0,1,3,1,0.327072
1,2737,2018-04-27T18:06:54+00:00,0.06608473147779613,0.9339152685222039,1,1,0.0,1.0,2.09861228866811,1,0,1,1,2,1,0,0,0,1,1,1,0.829734
1,2738,2018-04-27T19:46:38+00:00,0.36073809056183503,0.639261909438165,2,2,0.989123531088,0.5613189577342448,4.091042453358316,2,1,16,13,29,2,0,0,0,1,2,1,2.125243
1,2739,2018-04-28T14:01:43+00:00,0.03766221452483644,0.9623377854751636,2,2,0.9908744466422025,0.5561783036397341,4.258096538021482,2,1,27,8,35,2,0,0,0,0,0,0,
1,2724,2018-04-29T21:27:05+00:00,0.40166326204930414,0.5983367379506959,4,4,0.9940915443443091,0.29568525293119324,4.218875824868201,3,2,50,4,54,4,0,0,0,1,7,2,2.659097
1,2746,2018-04-29T22:46:59+00:00,0.17327347386943265,0.8267265261305674,1,1,0.0,1.0,2.09861228866811,1,0,1,1,2,1,0,0,0,1,1,1,2.595521
1,2748,2018-05-02T13:04:32+00:00,0.295132716743375,0.704867283256625,2,2,0.9976483377441978,0.5285408670505566,3.302585092994046,2,1,12,3,15,2,0,0,0,0,0,0,
1,2752,2018-05-02T13:16:11+00:00,0.04097133870118118,0.9590286612988188,1,1,0.0,1.0,2.6094379124341005,1,0,4,0,4,1,0,0,0,1,5,1,15.005683
1,2789,2018-05-17T13:24:22+00:00,0.44726382220111977,0.5527361777988802,2,2,1.0,0.5,2.6094379124341005,2,1,4,4,8,2,0,0,0,1,4,1,27.491655
1,2804,2018-05-28T13:57:16+00:00,0.17458269623822223,0.8254173037617778,3,3,0.9894044320659128,0.40480355604198126,4.178053830347945,3,2,27,10,37,3,0,0,0,0,0,0,
1,2827,2018-06-14T01:12:21+00:00,0.4566874839391754,0.5433125160608245,1,1,0.0,1.0,2.09861228866811,1,0,1,1,2,1,0,0,0,1,3,1,0.42963
1,2765,2018-06-14T11:31:01+00:00,0.4883987644221418,0.5116012355778582,3,3,0.973278668347731,0.3904780716638952,4.178053830347945,3,2,39,9,48,3,0,0,0,1,2,1,1.346701
1,2828,2018-06-15T19:50:16+00:00,0.631857384093253,0.368142615906747,1,1,0.0,1.0,2.09861228866811,1,0,1,1,2,1,0,0,0,1,1,1,13.397836
1,2842,2018-06-28T14:22:18+00:00,0.4209995406608065,0.5790004593391935,1,1,0.0,1.0,2.6094379124341005,1,0,0,4,4,1,0,0,0,0,0,0,
1,2848,2018-06-29T05:23:09+00:00,0.19674538112948722,0.8032546188705127,1,1,0.0,1.0,2.6094379124341005,1,0,2,2,4,1,0,0,0,0,0,0,
1,2914,2018-09-23T18:14:13+00:00,0.4697509506548417,0.5302490493451584,1,1,0.0,1.0,2.386294361119891,1,0,1,2,3,1,0,0,0,1,1,1,20.029213
1,2940,2018-10-13T18:56:17+00:00,0.22804782730977385,0.7719521726902261,1,1,0.0,1.0,2.09861228866811,1,0,1,1,2,1,0,0,0,1,3,1,84.17419
1,2962,2018-10-23T15:27:47+00:00,0.48945000062029953,0.5105499993797005,1,1,0.0,1.0,2.791759469228055,1,0,3,2,5,1,0,0,0,1,4,1,1.027002
1,2963,2018-10-24T16:06:40+00:00,0.2978799432281625,0.7021200567718375,2,2,0.9289244242623109,0.6556459407173852,3.995732273553991,2,1,17,4,21,2,0,0,0,1,3,1,73.9386
1,2936,2018-11-04T03:32:25+00:00,0.44535099508688,0.5546490049131201,3,3,0.9857616339844233,0.41521341081495666,3.9444389791664403,3,2,22,6,28,3,0,0,0,1,1,1,9.641088
1,2994,2018-11-13T18:55:35+00:00,0.09100014530799992,0.9089998546920001,3,3,0.9660087571687241,0.45857403108759004,5.007333185232471,3,2,65,2,67,3,0,0,0,0,0,0,
1,3063,2019-01-05T23:07:07+00:00,0.37926902786736044,0.6207309721326395,2,2,0.9239082500979898,0.6609484088960595,4.091042453358316,2,1,12,11,23,2,0,0,0,1,2,1,0.80463
1,3059,2019-01-05T23:44:54+00:00,0.28525075739801126,0.7147492426019888,4,4,0.9932830383194016,0.30980446952060137,4.610917912644224,3,2,62,5,67,4,0,0,0,1,4,2,0.766944
1,3011,2019-01-06T14:38:15+00:00,0.12492169730977185,0.8750783026902281,1,1,0.0,1.0,2.9459101490553135,1,0,3,3,6,1,0,0,0,1,2,1,0.109884
1,3049,2019-01-06T17:16:29+00:00,0.07704336488703456,0.9229566351129654,1,1,0.0,1.0,2.09861228866811,1,0,1,1,2,1,0,0,0,1,1,1,0.301192
1,3054,2019-01-06T18:09:18+00:00,0.5943055413664302,0.4056944586335698,2,2,0.9914913036031162,0.5542502311940515,2.6094379124341005,1,0,4,2,6,2,0,0,0,1,1,1,18.824722
1,3056,2019-01-06T18:25:47+00:00,0.35212204842404055,0.6478779515759594,1,1,0.0,1.0,3.8903717578961645,1,0,9,8,17,1,0,0,0,1,1,1,0.981088
1,2854,2019-01-06T22:43:17+00:00,0.440192018913897,0.559807981086103,2,2,0.9416694211498884,0.64121571967352,4.663561646129646,2,1,42,0,42,2,0,0,0,0,0,0,
1,2825,2019-01-07T00:30:12+00:00,0.36155487783873475,0.6384451221612653,3,3,0.9852339223328278,0.38264547600239823,3.6390573296152584,3,2,19,8,27,3,0,0,0,0,0,0,
1,2957,2019-01-07T15:02:03+00:00,0.3713440126833885,0.6286559873166115,3,3,0.9996085454329783,0.34720525555631415,3.9444389791664403,3,2,37,9,46,3,0,0,0,1,1,1,0.014537
1,2934,2019-01-07T15:22:59+00:00,0.24017845809273064,0.7598215419072694,3,3,0.9909354011008624,0.396444997744242,2.9459101490553135,3,2,10,1,11,3,0,0,0,0,0,0,
1,2986,2019-01-07T17:58:33+00:00,0.4821912875912738,0.5178087124087263,3,3,0.9898587937341413,0.40018485708031243,3.995732273553991,3,2,29,3,32,3,0,0,0,0,0,0,
1,3082,2019-01-25T13:56:54+00:00,0.48767374009496506,0.5123262599050349,1,1,0.0,1.0,3.5649493574615367,1,0,6,6,12,1,0,0,0,0,0,0,
1,3183,2019-05-06T20:34:47+00:00,0.19213117943788802,0.807868820562112,65,65,0.9869114139912609,0.027423202444495483,8.253470382684528,7,6,3798,3463,7261,64,1,0,0,1,43,33,9.746771
1,3096,2019-05-16T14:30:08+00:00,0.5291599919670714,0.4708400080329286,1,1,0.0,1.0,2.09861228866811,1,0,1,1,2,1,0,0,0,1,10,1,1.251771
1,3196,2019-05-16T15:28:59+00:00,0.11543707061466946,0.8845629293853305,1,1,0.0,1.0,2.09861228866811,1,0,1,1,2,1,0,0,0,1,2,1,15.094016
1,3166,2019-05-17T00:56:30+00:00,0.09085742615005062,0.9091425738499493,1,1,0.0,1.0,1.6931471805599454,1,0,0,1,1,1,0,0,0,1,6,1,2.146539
1,3169,2019-05-17T02:23:20+00:00,0.1483462652732701,0.8516537347267299,1,1,0.0,1.0,2.6094379124341005,1,0,2,2,4,1,0,0,0,1,10,1,2.080995
1,3206,2019-05-17T16:04:37+00:00,0.41015565583128516,0.5898443441687149,4,4,0.9674197693880464,0.35442123999960345,5.553876891600541,3,2,95,39,134,4,0,0,0,1,5,2,1.527604
1,3174,2019-05-17T20:32:41+00:00,0.31803306519959584,0.6819669348004042,5,5,0.9737807255553214,0.29920116029311317,3.772588722239781,4,3,24,2,26,5,0,0,0,1,9,1,7.052176
1,3179,2019-05-17T21:18:41+00:00,0.22131179224222258,0.7786882077577775,3,3,0.9809431228986764,0.43098810443715396,4.091042453358316,3,2,27,3,30,3,0,0,0,1,1,1,37.059109
1,3190,2019-05-18T15:44:04+00:00,0.4528424933035946,0.5471575066964054,2,2,0.9746129867995108,0.5935239928683081,4.49650756146648,2,1,27,12,39,2,0,0,0,1,13,1,0.530174
1,3181,2019-05-19T04:10:12+00:00,0.24503692082160666,0.7549630791783933,5,5,0.9501583221099513,0.3117117301917196,5.51085950651685,5,4,18,131,149,5,0,0,0,1,3,2,13.393194
1,3185,2019-05-19T04:19:58+00:00,0.533353277381841,0.466646722618159,2,2,0.9558507361280372,0.6230619372428089,3.9444389791664403,2,1,4,17,21,2,0,0,0,1,9,1,0.61375
1,3182,2019-05-19T04:27:31+00:00,0.31940411549110975,0.6805958845088902,4,4,0.9799036362711229,0.35630283568535953,3.4849066497880004,3,2,15,2,17,4,0,0,0,1,14,2,0.02059
1,3195,2019-05-19T04:44:22+00:00,0.34598874963522974,0.6540112503647703,3,3,0.9692427823337714,0.42818573015714423,4.044522437723423,3,2,26,5,31,3,0,0,0,1,1,1,35.749606
1,3069,2019-05-19T04:57:10+00:00,0.4252673774133222,0.5747326225866778,2,2,0.9687303808128962,0.6037241437439712,3.1972245773362196,2,1,9,1,10,2,0,0,0,1,11,1,0.572049
1,2928,2019-05-19T18:40:55+00:00,0.3132651394913276,0.6867348605086724,3,3,0.9654897055812399,0.46450655948664576,3.8903717578961645,3,2,14,8,22,3,0,0,0,1,10,1,4.957141
1,2939,2019-05-19T19:03:46+00:00,0.4754831400237382,0.5245168599762617,3,3,0.9844410006161836,0.41728638197105145,3.70805020110221,3,2,19,3,22,3,0,0,0,1,8,1,4.811806
1,3208,2019-05-23T15:22:07+00:00,0.35709213767666886,0.6429078623233311,2,2,0.9344355292928099,0.649587931383449,3.8903717578961645,2,1,10,9,19,2,0,0,0,1,1,1,31.306725
1,2898,2019-05-24T14:32:46+00:00,0.3957521386572325,0.6042478613427675,3,3,0.9804055498837385,0.39407706512942414,4.295836866004329,3,2,47,2,49,3,0,0,0,1,7,1,6.86522
1,3111,2019-05-24T17:39:12+00:00,0.15744078784485585,0.8425592121551442,4,4,0.9739191949540735,0.3619798115542169,5.174387269895637,4,3,70,16,86,4,0,0,0,1,9,1,0.17265
1,2784,2019-05-24T21:47:49+00:00,0.6517322968786895,0.3482677031213105,6,6,0.9835002302523798,0.21879212624633237,5.04305126783455,4,3,136,8,144,6,0,0,0,1,14,3,0.857778
1,3124,2019-05-25T18:23:01+00:00,0.4860812777922338,0.5139187222077661,5,5,0.9754734773597724,0.2734781944750557,4.218875824868201,3,2,34,17,51,5,0,0,0,1,13,3,5.936088
1,3157,2019-05-25T21:09:18+00:00,0.2812226400676769,0.7187773599323231,3,3,0.9799605352523267,0.3871303712912899,3.8903717578961645,3,2,29,6,35,3,0,0,0,1,3,1,5.867627
1,3229,2019-05-31T11:18:41+00:00,0.01086855290401012,0.9891314470959899,4,4,0.9575024972858351,0.3717472512730881,4.13549421592915,2,1,19,14,33,4,0,0,0,1,6,1,0.152824
1,3234,2019-05-31T14:58:45+00:00,0.06920626536373096,0.930793734636269,1,1,0.0,1.0,2.09861228866811,1,0,2,0,2,1,0,0,0,1,5,1,0.915532
1,3235,2019-05-31T16:50:59+00:00,0.3829389785152916,0.6170610214847084,3,3,0.9772276990695222,0.3934190041796584,3.5649493574615367,3,2,19,5,24,3,0,0,0,1,6,1,0.037072
1,3239,2019-05-31T16:56:44+00:00,0.4974199353485869,0.5025800646514131,1,1,0.0,1.0,2.09861228866811,1,0,2,0,2,1,0,0,0,1,2,1,0.86088
1,3233,2019-05-31T16:58:45+00:00,0.4237050845927563,0.5762949154072436,1,1,0.0,1.0,2.09861228866811,1,0,1,1,2,1,0,0,0,1,6,1,0.031678
1,3236,2019-05-31T17:05:01+00:00,0.3645960134706894,0.6354039865293106,2,2,0.9812046212214455,0.580533498667434,3.302585092994046,2,1,12,0,12,2,0,0,0,1,2,1,12.165231
1,3237,2019-05-31T17:44:22+00:00,0.22208049590924733,0.7779195040907527,3,3,0.9880854832648844,0.407849357919716,4.828641396489095,1,0,30,38,68,3,0,0,0,1,8,3,0.009942
1,3232,2019-05-31T17:58:41+00:00,0.44989164904379236,0.5501083509562077,5,5,0.9621865290120367,0.31952793626125203,5.653960350157523,3,2,94,46,140,5,0,0,0,1,4,2,0.817859
1,3242,2019-06-01T12:57:07+00:00,0.3030826068034609,0.6969173931965391,3,3,0.9866387800118787,0.4056349479707365,3.6390573296152584,3,2,21,1,22,3,0,0,0,1,4,1,0.02728
1,3244,2019-06-01T12:59:02+00:00,0.3537691366778131,0.6462308633221869,2,2,0.9955724540151776,0.5391522685349255,2.791759469228055,2,1,7,1,8,2,0,0,0,1,4,1,0.025949
1,3241,2019-06-01T13:36:24+00:00,0.26423572045888394,0.7357642795411161,28,28,0.987138024999485,0.06563677155843468,5.060443010546419,6,5,130,98,228,28,0,0,0,1,8,8,0.108623
1,3245,2019-06-01T15:10:33+00:00,0.24640699112605985,0.7535930088739402,21,22,0.9420470433455085,0.21738495003560665,5.555348061489414,2,1,6,4,10,2,0,0,20,1,12,20,0.043241
1,3246,2019-06-01T16:12:49+00:00,0.26992129106697316,0.7300787089330268,56,56,0.9879606771129463,0.03540006871926671,5.564348191467836,5,4,291,246,537,56,0,0,0,1,12,11,0.010891
1,3247,2019-06-01T16:28:30+00:00,0.07897486863298696,0.921025131367013,10,10,0.9940568743751388,0.1273950836349788,3.0794415416798357,3,2,17,18,35,10,0,0,0,1,6,3,12.137778
1,3248,2019-06-12T21:02:57+00:00,0.36511122933127055,0.6348887706687294,1,1,0.0,1.0,4.891820298110627,1,0,43,5,48,1,0,0,0,1,1,1,11.070035
1,3253,2019-06-12T21:10:42+00:00,0.02548976815542186,0.9745102318445782,1,1,0.0,1.0,3.1972245773362196,1,0,7,1,8,1,0,0,0,1,2,1,11.064653
1,3104,2019-06-13T19:46:54+00:00,0.2345888035608066,0.7654111964391934,5,5,0.9828468376906732,0.2712868217027331,4.713572066704308,3,2,52,26,78,4,1,0,0,1,1,1,63.238333
1,3266,2019-06-21T15:34:00+00:00,0.43891042947696757,0.5610895705230324,4,4,0.9885446767730671,0.28651501589540923,5.584967478670572,4,3,233,14,247,4,0,0,0,1,2,1,10.381146
1,3270,2019-06-23T22:43:48+00:00,0.3211425410803699,0.6788574589196301,83,86,0.9766752566392914,0.03609833651633156,9.352441100243583,13,12,993,1453,2446,71,2,11,2,1,5,4,2.958194
1,3272,2019-06-26T21:43:36+00:00,0.09604784835630926,0.9039521516436907,3,3,0.97938495463283,0.38202624011004965,3.3978952727983707,2,1,16,6,22,3,0,0,0,0,0,0,
1,3273,2019-06-27T15:04:32+00:00,0.12382563296604057,0.8761743670339595,3,3,0.9999999999999998,0.3333333333333333,2.09861228866811,3,2,5,1,6,3,0,0,0,1,1,1,4.113206
1,3278,2019-07-01T17:47:33+00:00,0.2154478811969132,0.7845521188030868,6,6,0.9571386830790437,0.2982297680613089,5.127134385045092,5,4,57,25,82,6,0,0,0,0,0,0,
1,3274,2019-07-01T18:31:48+00:00,0.03967457827755086,0.9603254217224492,1,1,0.0,1.0,2.09861228866811,1,0,1,1,2,1,0,0,0,1,1,1,1.947049
1,3282,2019-07-02T00:42:51+00:00,0.4794600761000509,0.5205399238999491,8,8,0.9861667491178476,0.1868465984476914,4.367295829986475,4,3,40,25,65,8,0,0,0,1,3,2,0.75066
1,3284,2019-07-02T18:43:48+00:00,0.503384181063997,0.49661581893600304,3,3,0.9779185753212551,0.4303179465133966,4.465735902799727,3,2,41,3,44,3,0,0,0,1,1,1,38.002431
1,3285,2019-07-03T17:15:33+00:00,0.4180525618691727,0.5819474381308273,2,2,0.991735803318151,0.5534666177270352,2.09861228866811,2,1,2,1,3,2,0,0,0,0,0,0,
1,3292,2019-07-08T17:37:17+00:00,0.5086143819267283,0.49138561807327175,4,4,0.9835179601769155,0.321696771942448,4.433987204485146,3,2,54,1,55,3,1,0,0,1,1,1,2.087292
1,3299,2019-07-10T19:42:59+00:00,0.39975170427371365,0.6002482957262864,3,3,0.9826790035802916,0.4240884230863033,3.302585092994046,2,1,12,2,14,3,0,0,0,0,0,0,
1,3315,2019-07-25T18:33:37+00:00,0.1265698233180142,0.8734301766819859,1,1,0.0,1.0,3.6390573296152584,1,0,1,12,13,1,0,0,0,0,0,0,
1,3328,2019-08-09T18:47:18+00:00,0.30870937107177365,0.6912906289282263,1,1,0.0,1.0,2.09861228866811,1,0,1,1,2,1,0,0,0,0,0,0,
1,3336,2019-08-16T01:30:06+00:00,0.20073254408753405,0.799267455912466,1,1,0.0,1.0,2.09861228866811,1,0,1,1,2,1,0,0,0,0,0,0,
1,3369,2019-10-13T02:20:32+00:00,0.3326302025506183,0.6673697974493817,3,3,0.9864247470568035,0.4114699833424971,4.9889840465642745,3,2,73,5,78,3,0,0,0,0,0,0,
1,3398,2019-10-18T16:28:38+00:00,0.37467823247777987,0.6253217675222201,4,4,0.9753878265171129,0.3313937694073863,5.07753744390572,4,3,77,21,98,4,0,0,0,1,1,1,31.413218
1,3434,2019-11-19T02:22:38+00:00,0.24810666733180686,0.7518933326681931,4,4,0.9624683723996273,0.38601240136028897,5.543294782270004,3,2,72,41,113,4,0,0,0,1,1,1,83.981644
1,3425,2019-11-19T02:23:40+00:00,0.5456694742699981,0.4543305257300019,1,1,0.0,1.0,2.09861228866811,1,0,1,1,2,1,0,0,0,0,0,0,
1,3435,2019-11-19T17:08:08+00:00,0.14198906861648677,0.8580109313835133,3,3,0.9435065612270543,0.4183250396712432,5.663439094112067,3,2,102,94,196,3,0,0,0,1,1,1,84.917639
1,3427,2019-11-19T17:37:22+00:00,0.28388608214235195,0.7161139178576481,12,12,0.9991774713797849,0.10155757507817201,2.6094379124341005,4,3,13,13,26,12,0,0,0,0,0,0,
1,3498,2020-02-10T21:15:25+00:00,0.3797231489683972,0.6202768510316028,2,2,0.96703271351993,0.6064814189690476,2.6094379124341005,2,1,3,2,5,2,0,0,0,1,4,1,29.719398
1,3453,2020-02-11T01:28:15+00:00,0.10517905121897583,0.8948209487810241,2,2,1.0,0.5,2.09861228866811,2,1,2,2,4,2,0,0,0,1,1,1,53.739826
1,3492,2020-02-11T01:56:12+00:00,0.48952029410345643,0.5104797058965436,3,3,0.9839650054734517,0.37645136546647484,3.1972245773362196,3,2,11,7,18,3,0,0,0,1,3,1,53.720417
1,3456,2020-02-12T15:09:32+00:00,0.2914206897305086,0.7085793102694914,3,3,0.9717271686242648,0.4536380005438365,3.4849066497880004,3,2,15,0,15,3,0,0,0,1,1,1,52.169491
1,3513,2020-03-11T14:31:21+00:00,0.0790470244607169,0.9209529755392831,1,1,0.0,1.0,4.401197381662156,1,0,18,11,29,1,0,0,0,1,3,1,23.001389
1,3537,2020-04-02T18:54:26+00:00,0.2414756150861622,0.7585243849138378,1,1,0.0,1.0,2.09861228866811,1,0,1,1,2,1,0,0,0,1,1,1,2.01331
1,3541,2020-04-03T14:33:21+00:00,0.22549069408392478,0.7745093059160753,1,1,0.0,1.0,2.9459101490553135,1,0,3,3,6,1,0,0,0,1,2,1,1.194618
1,3554,2020-04-04T19:13:36+00:00,0.2928597372833011,0.7071402627166989,83,84,0.9828655443616533,0.026687829397420267,7.777652323222656,10,9,586,2052,2638,78,0,6,0,1,4,4,3.060463
1,3562,2020-04-07T20:40:40+00:00,0.42641812710632604,0.5735818728936739,7,7,0.9611100348138183,0.25958350847337386,6.998936561946683,5,4,212,286,498,7,0,0,0,0,0,0,
1,3563,2020-04-07T22:57:46+00:00,0.18745857834373603,0.812541421656264,5,5,0.97859522121588,0.27565252305638976,4.7841896339182615,4,3,45,38,83,5,0,0,0,1,1,1,0.086227
1,3564,2020-04-08T01:01:56+00:00,0.3143140481533227,0.6856859518466774,4,4,0.9146888284861794,0.4672912754364297,5.61512051684126,4,3,67,40,107,4,0,0,0,0,0,0,
1,3574,2020-04-16T17:52:06+00:00,0.24976162372601163,0.7502383762739884,2,2,0.9925958546133744,0.5506131246596158,3.1972245773362196,2,1,11,1,12,2,0,0,0,0,0,0,
1,3579,2020-07-06T17:45:04+00:00,0.31721990942387207,0.6827800905761279,3,3,0.9804193945352703,0.38616427923120855,3.3978952727983707,3,2,20,1,21,3,0,0,0,1,3,1,0.004317
1,3678,2020-07-06T17:51:17+00:00,0.23889474298895197,0.761105257011048,3,3,0.9783133614775503,0.3880131310970063,3.4849066497880004,3,2,22,1,23,3,0,0,0,1,2,1,1.836748
1,3680,2020-07-08T13:56:12+00:00,0.28990910537475245,0.7100908946252475,2,2,0.9985603417320917,0.5223334177149033,2.6094379124341005,2,1,4,3,7,2,0,0,0,1,1,1,24.036644
1,3560,2020-07-18T17:14:09+00:00,0.38717726994786256,0.6128227300521374,3,3,0.988094008791635,0.40709939094993997,3.0794415416798357,3,2,4,8,12,3,0,0,0,1,3,1,12.357373
1,3684,2020-07-23T23:57:20+00:00,0.3132145419745976,0.6867854580254025,3,3,0.9792306237541711,0.39217486509881494,3.4849066497880004,3,2,15,7,22,3,0,0,0,1,2,1,8.61919
1,3711,2020-07-31T01:48:46+00:00,0.5099731910391783,0.49002680896082174,4,4,0.967914299369622,0.3212607997879158,4.850147601710058,3,2,58,37,95,4,0,0,0,1,2,1,26.605278
1,3709,2020-08-01T14:48:58+00:00,0.4848159887267726,0.5151840112732273,5,5,0.9583925875799272,0.26900602587021677,7.021023349349527,2,1,473,495,968,4,1,0,0,1,4,3,21.895475
1,3739,2020-08-23T12:18:27+00:00,0.6245735864266841,0.37542641357331585,1,1,0.0,1.0,2.09861228866811,1,0,1,1,2,1,0,0,0,1,2,1,45.11669
1,3744,2020-08-26T16:20:22+00:00,0.43480376173106544,0.5651962382689346,1,1,0.0,1.0,2.09861228866811,1,0,1,1,2,1,0,0,0,1,1,1,50.195058
1,3762,2020-10-03T14:05:06+00:00,0.365300137513524,0.6346998624864759,2,2,0.9771082205640259,0.5888348710237745,4.218875824868201,2,1,29,1,30,2,0,0,0,1,1,1,33.144537
1,3779,2020-10-07T15:06:29+00:00,0.2637091893618941,0.7362908106381059,1,1,0.0,1.0,2.09861228866811,1,0,1,1,2,1,0,0,0,1,1,1,24.933032
1,3728,2020-10-15T21:01:15+00:00,0.15216694940379663,0.8478330505962034,1,1,0.0,1.0,2.09861228866811,1,0,1,1,2,1,0,0,0,0,0,0,
1,3816,2020-10-29T16:33:21+00:00,0.4372319091694129,0.5627680908305871,1,1,0.0,1.0,2.09861228866811,1,0,1,1,2,1,0,0,0,1,1,1,7.041586
1,3785,2020-11-01T03:05:26+00:00,0.24062820049853686,0.7593717995014632,3,3,0.9690680210119053,0.4592720270644672,3.5649493574615367,3,2,8,8,16,3,0,0,0,0,0,0,
1,3823,2020-11-01T13:30:03+00:00,0.3486030646969608,0.6513969353030392,7,7,0.9898043288541628,0.197804857451905,4.367295829986475,4,3,33,35,68,7,0,0,0,0,0,0,
1,3827,2020-11-05T02:00:22+00:00,0.5113517593158582,0.4886482406841418,4,4,0.9444228039219418,0.3977483023465792,5.143134726391533,4,3,42,36,78,4,0,0,0,1,1,1,89.055532
1,3726,2020-11-05T02:16:06+00:00,0.33455706751778486,0.6654429324822151,3,3,0.9774574789847451,0.40728600137194004,3.6390573296152584,3,2,20,3,23,3,0,0,0,0,0,0,
1,3828,2020-11-05T17:33:14+00:00,0.47946464773721253,0.5205353522627875,8,8,0.9673170519771186,0.2025930268068843,7.16541785423142,4,3,259,653,912,8,0,0,0,1,2,2,88.407708
1,3862,2021-01-04T01:52:37+00:00,0.1654687194097933,0.8345312805902068,1,1,0.0,1.0,2.09861228866811,1,0,1,1,2,1,0,0,0,1,2,1,29.211875
1,3894,2021-02-02T03:20:20+00:00,0.512963919335872,0.48703608066412796,11,11,0.9792586258235265,0.1253340392564499,4.367295829986475,3,2,59,79,138,11,0,0,0,1,14,5,0.150961
1,3794,2021-02-02T04:45:03+00:00,0.5161717774005666,0.48382822259943337,3,3,0.9761498438342058,0.43680036042198495,4.13549421592915,3,2,28,3,31,2,1,0,0,1,1,1,84.40772
1,3895,2021-02-02T06:57:43+00:00,0.43874787876074256,0.5612521212392574,7,7,0.9735233444188959,0.18428595127291136,4.465735902799727,4,3,28,88,116,7,0,0,0,1,8,2,23.454352
1,3917,2021-02-25T17:51:59+00:00,0.374900830561902,0.6250991694380981,3,3,0.9755558665398927,0.44136368078836125,4.091042453358316,2,1,12,17,29,3,0,0,0,1,2,1,60.861238
1,3907,2021-03-08T16:57:58+00:00,0.3638822111675639,0.6361177888324361,3,3,0.9665200140765,0.43013666291644975,4.737669618283368,3,2,61,0,61,3,0,0,0,1,8,1,0.053808
1,3918,2021-03-08T18:15:27+00:00,0.41239542170769566,0.5876045782923043,3,3,0.9572957545253027,0.4139791542646739,4.433987204485146,1,0,28,27,55,3,0,0,0,1,18,3,2.032523
1,3932,2021-03-10T14:30:24+00:00,0.2763350913223347,0.7236649086776653,3,3,0.9728475001319896,0.40709939094993997,3.0794415416798357,2,1,9,4,13,3,0,0,0,1,3,1,35.108634
1,3933,2021-03-10T19:02:17+00:00,0.33419818843609894,0.6658018115639011,4,4,0.9941019496696727,0.2953195777136288,7.505784060128229,1,0,590,580,1170,4,0,0,0,1,22,4,27.729201
1,3412,2021-04-07T12:32:20+00:00,0.4931246436251863,0.5068753563748136,12,13,0.9766495608554785,0.1281296994822192,5.941642422609304,7,6,380,23,403,11,2,0,0,1,25,5,5.260463
1,3957,2021-04-12T18:47:24+00:00,0.18322864660458618,0.8167713533954138,1,1,0.0,1.0,3.8903717578961645,1,0,16,1,17,1,0,0,0,1,10,1,1.905139
1,3923,2021-04-14T16:30:48+00:00,0.5571144899328332,0.4428855100671668,5,5,0.9633598363519512,0.24955489762442642,5.31748811353631,4,3,154,56,210,5,0,0,0,1,13,2,1.873669
1,3960,2021-04-14T17:06:50+00:00,0.28235856407680526,0.7176414359231947,2,2,0.9316125825952156,0.6527230705722408,3.9444389791664403,2,1,20,0,20,2,0,0,0,1,2,1,12.892593
1,3962,2021-04-16T06:14:24+00:00,0.27211098591807725,0.7278890140819227,1,1,0.0,1.0,4.688879454113936,1,0,19,20,39,1,0,0,0,1,10,1,0.002951
1,3963,2021-04-16T06:18:39+00:00,0.34312675363459644,0.6568732463654036,3,3,0.9654897055812399,0.46450655948664576,3.8903717578961645,2,1,13,9,22,3,0,0,0,1,10,2,0.298773
1,3964,2021-04-16T13:28:53+00:00,0.27028547893658755,0.7297145210634124,3,3,0.9911992222847484,0.38625341032120714,2.386294361119891,2,1,5,1,6,3,0,0,0,1,13,2,11.043947
1,3965,2021-04-16T15:52:35+00:00,0.19954340211219107,0.8004565978878089,7,8,0.9668783353206145,0.2465636167974939,5.688879454113937,5,4,33,31,64,8,0,0,0,1,9,2,10.962396
1,3973,2021-04-27T14:32:10+00:00,0.18999909516776553,0.8100009048322345,26,27,0.9787849177363828,0.06068178061362121,6.680172609017068,7,6,869,461,1330,23,4,0,0,1,24,14,0.016157
1,3971,2021-04-27T14:55:26+00:00,0.5142231694651526,0.48577683053484744,2,2,0.9999972153284943,0.5009823914599231,4.951243718581427,1,0,52,49,101,2,0,0,0,1,7,2,5.93581
1,3972,2021-04-27T14:58:26+00:00,0.1783984197533601,0.8216015802466399,5,5,0.9926011215593559,0.23997337066723806,3.3978952727983707,5,4,26,3,29,5,0,0,0,1,2,1,14.281435
1,3989,2021-05-03T13:23:00+00:00,0.2962997991074628,0.7037002008925373,6,6,0.9867176980960354,0.20627196709593007,5.110873864173311,3,2,74,108,182,6,0,0,0,1,14,4,8.347708
1,3991,2021-05-03T14:13:44+00:00,0.09384260465880191,0.9061573953411981,1,1,0.0,1.0,2.09861228866811,1,0,1,1,2,1,0,0,0,1,7,1,8.312477
1,4007,2021-05-11T21:43:42+00:00,0.2310760792645786,0.7689239207354214,11,13,0.9605530789080314,0.17925633246210743,6.454347296253507,5,4,60,49,109,13,0,0,0,1,12,4,1.934803
1,4019,2021-05-12T17:23:08+00:00,0.15666765600504615,0.8433323439949538,2,2,0.9738145076256595,0.5949745208068873,3.833213344056216,2,1,19,1,20,2,0,0,0,1,4,1,1.13338
1,4042,2021-05-13T20:09:49+00:00,0.2943896381908752,0.7056103618091247,7,7,0.9745035837587055,0.238692291560971,5.418840607796598,2,1,77,49,126,7,0,0,0,1,12,4,0.132396
1,4026,2021-05-13T20:35:12+00:00,0.2540957520954975,0.7459042479045025,3,3,0.9180594717483948,0.5402342543027394,4.931825632724326,2,1,32,22,54,3,0,0,0,1,5,2,0.197616
1,4045,2021-05-13T21:34:28+00:00,0.23992191266969884,0.7600780873303011,4,4,0.9642030187882954,0.3745472949565488,5.48863636973214,3,2,28,85,113,4,0,0,0,1,7,1,0.036956
1,4036,2021-05-13T22:27:41+00:00,0.5040723435061589,0.4959276564938411,3,3,0.9581452482861659,0.43280550341314755,4.526360524616162,3,2,45,6,51,3,0,0,0,1,6,1,3.686562
1,4047,2021-05-13T23:20:28+00:00,0.19804745099262958,0.8019525490073705,3,3,0.9813796168224441,0.39084425636172504,3.3978952727983707,3,2,11,9,20,3,0,0,0,1,4,1,0.002697
1,4048,2021-05-13T23:24:21+00:00,0.16561171446370584,0.8343882855362942,2,2,1.0,0.5,2.09861228866811,2,1,2,2,4,2,0,0,0,1,3,1,0.08015
1,4049,2021-05-14T01:19:46+00:00,0.3848031991641872,0.6151968008358129,4,4,0.9820877080211015,0.3433116653415071,3.0794415416798357,3,2,9,3,12,4,0,0,0,1,4,2,0.017361
1,4051,2021-05-14T01:44:46+00:00,0.19942257744582098,0.8005774225541791,2,2,0.9914913036031162,0.5542502311940515,2.6094379124341005,2,1,3,3,6,2,0,0,0,1,1,1,7.588634
1,4055,2021-05-14T15:17:38+00:00,0.5278340734291141,0.47216592657088585,4,4,0.9850819961824242,0.326570194928958,4.258096538021482,3,2,28,16,44,4,0,0,0,1,1,1,0.004236
1,4056,2021-05-14T15:23:44+00:00,0.33099308418086576,0.6690069158191343,4,4,0.9850819961824242,0.326570194928958,4.258096538021482,3,2,28,16,44,4,0,0,0,0,0,0,
1,4063,2021-05-17T14:56:20+00:00,0.368605783701385,0.631394216298615,2,2,0.9438511076236176,0.6385854538015142,3.70805020110221,2,1,16,0,16,2,0,0,0,1,5,1,3.717188
1,4072,2021-05-17T23:06:10+00:00,0.37552873407296167,0.6244712659270384,1,1,0.0,1.0,2.09861228866811,1,0,1,1,2,1,0,0,0,1,3,1,6.849155
1,4081,2021-05-20T20:52:10+00:00,0.5382442428547183,0.4617557571452817,2,2,0.9150707009242995,0.6698586727998658,4.258096538021482,2,1,27,0,27,2,0,0,0,1,1,1,77.159699
1,4071,2021-05-21T08:09:05+00:00,0.22029376569953438,0.7797062343004656,4,4,0.9797946810335738,0.31557463938585745,4.178053830347945,2,1,36,11,47,4,0,0,0,1,5,3,0.249965
1,4074,2021-05-21T14:09:02+00:00,0.3640671869743619,0.6359328130256381,6,6,0.9883163289276734,0.20573635831904374,5.605170185988092,3,2,204,82,286,6,0,0,0,1,5,3,0.06875
1,4090,2021-05-21T15:48:02+00:00,0.2553194338305694,0.7446805661694307,2,2,0.9467367217882801,0.6350234411307939,2.9459101490553135,2,1,5,2,7,2,0,0,0,0,0,0,
1,4091,2021-05-21T15:52:24+00:00,0.19536119480917227,0.8046388051908278,2,2,1.0,0.5,2.09861228866811,2,1,2,2,4,2,0,0,0,0,0,0,
1,4094,2021-05-24T19:28:57+00:00,0.3446863596530557,0.6553136403469443,2,2,1.0,0.5,2.09861228866811,2,1,3,1,4,2,0,0,0,1,2,1,0.95897
1,4105,2021-05-25T18:29:52+00:00,0.3091184818828473,0.6908815181171527,4,4,0.9968576109436246,0.28337723818393035,3.0794415416798357,2,1,13,6,19,4,0,0,0,1,4,3,4.017164
1,4109,2021-05-29T18:54:35+00:00,0.33624108684776005,0.6637589131522399,2,2,0.979552642350957,0.5839819696361175,2.9459101490553135,2,1,5,3,8,2,0,0,0,0,0,0,
1,4115,2021-06-01T15:50:20+00:00,0.08458274059996099,0.915417259400039,1,1,0.0,1.0,2.09861228866811,1,0,1,1,2,1,0,0,0,1,1,1,65.394259
1,4113,2021-06-01T18:08:19+00:00,0.5397426593586889,0.4602573406413111,4,4,0.9644977557798949,0.3642850635732055,4.258096538021482,4,3,34,3,37,4,0,0,0,0,0,0,
1,4132,2021-06-14T17:18:47+00:00,0.5043289429669622,0.4956710570330378,3,3,0.96254439839696,0.4099645028586435,3.3978952727983707,3,2,16,3,19,3,0,0,0,1,1,1,52.332836
1,4131,2021-08-06T00:42:08+00:00,0.20711314285923513,0.7928868571407649,1,1,0.0,1.0,2.9459101490553135,1,0,5,1,6,1,0,0,0,0,0,0,
1,4139,2021-08-06T01:04:52+00:00,0.12219975428988668,0.8778002457101133,2,2,0.9945778903005743,0.5433221038441347,5.110873864173311,2,1,45,41,86,2,0,0,0,0,0,0,
1,4152,2021-08-06T01:18:04+00:00,0.34890066035271866,0.6510993396472813,4,4,0.9926445179564823,0.30913815738615535,2.9459101490553135,2,1,8,5,13,4,0,0,0,1,4,2,47.66287
1,4160,2021-08-06T01:40:45+00:00,0.4420008709863037,0.5579991290136963,3,3,0.9844645585627559,0.3956562295190864,3.302585092994046,3,2,16,1,17,3,0,0,0,0,0,0,
1,4169,2021-08-06T02:17:53+00:00,0.32125019049667486,0.6787498095033251,3,3,0.96696559462888,0.3970875869223623,3.9444389791664403,3,2,29,8,37,3,0,0,0,1,2,1,0.01331
1,4174,2021-08-06T02:37:03+00:00,0.43570576777630515,0.5642942322236948,3,3,0.9628856170816736,0.4450863694232418,4.332204510175204,3,2,26,12,38,3,0,0,0,1,1,1,56.586979
1,4268,2021-09-22T17:12:36+00:00,0.07059344411515478,0.9294065558848452,1,1,0.0,1.0,3.1972245773362196,1,0,4,4,8,1,0,0,0,1,1,1,8.978958
1,4283,2021-10-01T16:42:18+00:00,0.21079420447133146,0.7892057955286685,5,5,0.9744975993827498,0.31271545766384323,4.367295829986475,1,0,21,20,41,5,0,0,0,1,5,2,0.017477
1,4269,2021-10-01T17:07:28+00:00,0.03331813160652822,0.9666818683934718,1,1,0.0,1.0,2.386294361119891,1,0,2,1,3,1,0,0,0,1,2,1,2.438194
1,4230,2021-10-04T03:38:28+00:00,0.44796995570640386,0.5520300442935961,3,3,0.9428349662289901,0.426547125141029,5.787491742782046,3,2,141,61,202,3,0,0,0,1,1,1,38.957813
1,4287,2021-10-04T14:31:29+00:00,0.19431157586117645,0.8056884241388236,2,2,1.0,0.5,2.09861228866811,2,1,2,2,4,2,0,0,0,1,1,1,39.140752
1,4335,2021-11-12T02:37:43+00:00,0.2706031063859806,0.7293968936140194,14,15,0.9787841909006891,0.14124934111321194,6.204006687076795,7,6,178,82,260,15,0,0,0,1,2,1,0.636424
1,4337,2021-11-12T17:54:10+00:00,0.5275418324964403,0.47245816750355973,10,10,0.9749596781090845,0.13267889209592099,5.2626798770413155,4,3,68,259,327,10,0,0,0,1,5,3,3.173345
1,4341,2021-11-15T21:24:49+00:00,0.4928540707886722,0.5071459292113278,8,11,0.9579846767239938,0.2037637669306052,6.736198448394495,5,4,97,16,113,7,4,0,0,1,2,1,59.842512
1,4298,2021-11-15T21:37:42+00:00,0.2143690017217143,0.7856309982782856,2,2,0.9237802326658278,0.6610812814123381,3.302585092994046,2,1,2,8,10,2,0,0,0,0,0,0,
1,4310,2021-11-15T22:03:47+00:00,0.32341687845736805,0.6765831215426319,2,2,0.9638546546445663,0.6114542497940917,3.302585092994046,2,1,7,4,11,2,0,0,0,1,2,1,84.848032
1,4318,2021-11-16T14:22:50+00:00,0.3569560878579382,0.6430439121420618,1,1,0.0,1.0,4.367295829986475,1,0,20,8,28,1,0,0,0,0,0,0,
1,4303,2021-11-16T14:34:30+00:00,0.36141863021927445,0.6385813697807255,2,2,0.9970299652390645,0.5320722475311029,2.386294361119891,2,1,4,1,5,2,0,0,0,1,2,1,0.044583
1,4342,2021-11-16T15:38:42+00:00,0.20562124870489348,0.7943787512951065,2,2,0.921561207228208,0.6633659872316079,4.13549421592915,2,1,22,2,24,2,0,0,0,1,1,1,36.424167
1,4389,2021-12-22T23:20:12+00:00,0.393343679676063,0.606656320323937,6,6,0.9796706437640915,0.24449740392750072,4.871201010907891,3,2,44,43,87,6,0,0,0,1,1,1,82.677824
1,4350,2021-12-23T01:10:24+00:00,0.416379513368241,0.5836204866317589,2,2,0.9715175326007189,0.599025939121058,3.5649493574615367,2,1,12,3,15,2,0,0,0,0,0,0,
1,4348,2021-12-23T01:49:30+00:00,0.30033902651279204,0.6996609734872079,2,2,0.9344355292928099,0.649587931383449,3.8903717578961645,2,1,15,4,19,2,0,0,0,1,1,1,82.582847
1,4417,2022-01-14T17:38:02+00:00,0.3500257980063041,0.6499742019936958,2,2,0.9074782942037906,0.6771271167757938,4.401197381662156,2,1,7,24,31,2,0,0,0,1,2,1,26.08456
1,4420,2022-02-08T18:24:57+00:00,0.2908470317273645,0.7091529682726355,3,3,0.9374358096751307,0.5098678641038527,3.9444389791664403,3,2,15,6,21,3,0,0,0,1,4,1,1.103032
1,4432,2022-02-08T18:27:11+00:00,0.2649201349222186,0.7350798650777814,1,1,0.0,1.0,2.386294361119891,1,0,2,1,3,1,0,0,0,1,1,1,83.992963
1,4445,2022-02-09T19:39:48+00:00,0.3105142314370348,0.6894857685629652,2,2,0.8692829572877416,0.7095646466125466,5.127134385045092,2,1,33,30,63,2,0,0,0,1,2,1,33.839583
1,4189,2022-02-09T20:53:19+00:00,0.3991561905434161,0.6008438094565839,3,3,0.9779816013705658,0.4209422763040132,4.13549421592915,3,2,33,1,34,3,0,0,0,1,3,1,13.264005
1,4449,2022-02-14T19:46:23+00:00,0.19624106983620895,0.8037589301637911,2,2,1.0,0.5,2.09861228866811,2,1,2,2,4,2,0,0,0,1,5,1,41.976146
1,4454,2022-02-19T15:12:40+00:00,0.4590523066946388,0.5409476933053612,1,1,0.0,1.0,2.386294361119891,1,0,2,1,3,1,0,0,0,1,7,1,24.016389
1,4461,2022-02-23T03:13:29+00:00,0.29962692301540134,0.7003730769845986,2,2,0.9847302250832063,0.5726182023518449,3.1972245773362196,2,1,11,0,11,2,0,0,0,1,3,1,60.57919
1,4477,2022-03-08T14:50:26+00:00,0.019743784277935886,0.9802562157220641,1,1,0.0,1.0,4.091042453358316,1,0,13,8,21,1,0,0,0,1,7,1,7.031829
1,4486,2022-03-15T13:38:35+00:00,0.3883602641315881,0.6116397358684119,2,2,0.9638546546445663,0.6114542497940917,3.302585092994046,2,1,9,2,11,2,0,0,0,1,1,1,49.19338
1,4487,2022-03-15T15:36:16+00:00,0.09335964058555883,0.9066403594144412,6,6,0.9794876487958233,0.22129961698875905,4.258096538021482,2,1,34,36,70,6,0,0,0,1,15,5,8.029213
1,4488,2022-03-15T15:48:48+00:00,0.18944715704359344,0.8105528429564066,3,3,0.9829494346119555,0.4099645028586435,3.3978952727983707,2,1,14,3,17,3,0,0,0,1,2,2,49.102951
1,4492,2022-03-23T16:18:20+00:00,0.16829168505391956,0.8317083149460804,4,4,0.9963416386332508,0.2866309822085153,4.850147601710058,2,1,61,46,107,4,0,0,0,1,13,3,2.107442
1,4496,2022-03-25T18:53:03+00:00,0.2743460127095784,0.7256539872904215,6,6,0.9937343261290518,0.19860719183039585,3.1972245773362196,5,4,20,9,29,6,0,0,0,1,2,1,3.013183
1,4479,2022-03-25T19:14:29+00:00,0.5421970028393691,0.4578029971606309,4,4,0.9742084758059544,0.29215230633428985,5.394449154672439,4,3,190,30,220,4,0,0,0,0,0,0,
1,4497,2022-03-26T18:25:33+00:00,0.2930621937382822,0.7069378062617178,1,1,0.0,1.0,2.09861228866811,1,0,2,0,2,1,0,0,0,1,5,1,37.994097
1,4500,2022-03-28T19:12:02+00:00,0.20719106039489515,0.7928089396051048,4,4,0.988854359031958,0.3284640101093813,3.0794415416798357,3,2,7,6,13,4,0,0,0,1,6,2,2.101019
1,4511,2022-03-30T21:37:30+00:00,0.11521890741251777,0.8847810925874823,1,1,0.0,1.0,2.09861228866811,1,0,1,1,2,1,0,0,0,1,4,1,28.839711
1,4534,2022-04-24T16:58:01+00:00,0.4021243727355693,0.5978756272644308,2,2,0.9920400393799269,0.5524750866989003,2.9459101490553135,2,1,8,1,9,2,0,0,0,1,3,1,9.054884
1,4544,2022-04-24T17:07:31+00:00,0.40738510010945367,0.5926148998905463,3,3,0.9923334012371834,0.36340950013595913,2.791759469228055,3,2,11,1,12,3,0,0,0,1,7,1,7.973692
1,4558,2022-04-28T17:46:41+00:00,0.1865555367401654,0.8134444632598345,2,2,1.0,0.5,2.09861228866811,2,1,2,2,4,2,0,0,0,1,5,1,12.941424
1,4572,2022-05-02T16:29:38+00:00,0.19099176432593135,0.8090082356740687,1,1,0.0,1.0,3.302585092994046,1,0,8,1,9,1,0,0,0,1,6,1,21.015509
1,4560,2022-05-03T17:56:11+00:00,0.30090896429975583,0.6990910357002442,4,4,0.9746595907477775,0.3289060759732247,4.7841896339182615,3,2,42,37,79,4,0,0,0,1,10,1,0.014491
1,4566,2022-05-03T18:17:03+00:00,0.17957319259068866,0.8204268074093113,13,13,1.0000000000000002,0.07692307692307693,2.09861228866811,1,0,13,13,26,13,0,0,0,1,27,11,7.920336
1,4575,2022-05-11T16:22:20+00:00,0.15145955195190147,0.8485404480480985,5,5,0.9787456639606931,0.2633192801643031,4.218875824868201,3,2,55,1,56,5,0,0,0,1,28,3,1.182847
1,4576,2022-05-12T20:45:38+00:00,0.47121648890328155,0.5287835110967185,5,5,0.9733141329590218,0.24759495619094554,4.433987204485146,3,2,92,1,93,5,0,0,0,1,27,3,1.961794
1,4580,2022-05-14T19:50:37+00:00,0.4797853496868361,0.5202146503131639,3,3,0.9736528098757055,0.3954447095198701,6.293304824724492,2,1,204,162,366,3,0,0,0,1,22,2,0.835984
1,4596,2022-05-15T15:54:26+00:00,0.31536374936745115,0.6846362506325488,2,2,0.9562724687487587,0.6224788356208084,2.791759469228055,2,1,4,2,6,2,0,0,0,1,18,1,8.01272
1,4577,2022-05-23T16:12:45+00:00,0.3059427975108696,0.6940572024891304,5,5,0.9811038252497012,0.26439758541141883,5.553876891600541,3,2,102,83,185,5,0,0,0,1,19,3,0.196933
1,4606,2022-05-23T16:51:58+00:00,0.49293292611815387,0.5070670738818461,3,3,0.961772337762238,0.4387458763710385,4.9889840465642745,3,2,40,35,75,3,0,0,0,1,10,1,23.184572
1,4603,2022-05-23T20:56:20+00:00,0.4170292329095456,0.5829707670904545,7,7,0.9718583149081154,0.19321092063394307,5.04305126783455,2,1,85,98,183,7,0,0,0,1,21,6,13.075718
1,4620,2022-06-05T22:45:22+00:00,0.08846333981785355,0.9115366601821464,1,1,0.0,1.0,2.09861228866811,1,0,1,1,2,1,0,0,0,1,8,1,0.006088
1,4579,2022-06-05T22:54:08+00:00,0.2970688328579414,0.7029311671420586,7,7,0.9786945658320556,0.19462436588467982,5.143134726391533,3,2,138,31,169,5,2,0,0,1,17,4,0.731076
1,4610,2022-06-06T16:26:53+00:00,0.4955105705418045,0.5044894294581955,4,4,0.9301841916436135,0.37046343212607474,4.912023005428146,4,3,59,27,86,4,0,0,0,1,6,1,25.130914
1,4621,2022-06-06T17:11:00+00:00,0.37922814805997335,0.6207718519400267,6,6,0.9914979238161992,0.22150729966551283,4.828641396489095,3,2,66,33,99,6,0,0,0,1,14,2,9.171354
1,4624,2022-06-06T22:52:49+00:00,0.4076181979156742,0.5923818020843258,4,4,0.9516463331083816,0.3554623722071972,7.056784013228625,4,3,385,251,636,4,0,0,0,1,1,1,29.925359
1,4630,2022-06-09T16:24:26+00:00,0.15932112826863995,0.84067887173136,1,1,0.0,1.0,2.386294361119891,1,0,2,1,3,1,0,0,0,1,6,1,8.00419
1,4636,2022-06-11T21:03:01+00:00,0.4765070286905902,0.5234929713094099,10,10,0.9647104519661371,0.1880801718518186,6.560681631015528,2,1,285,170,455,8,1,0,1,0,0,0,
1,4642,2022-06-15T21:17:45+00:00,0.5078680228204588,0.49213197717954116,5,5,0.9856096657555078,0.26157610939514053,4.828641396489095,3,2,53,39,92,5,0,0,0,1,18,3,1.800498
1,4646,2022-06-17T16:30:28+00:00,0.2289453553776904,0.7710546446223097,18,18,0.9774092712535982,0.0871653504594563,6.480638923341991,5,4,343,633,976,18,0,0,0,1,11,2,0.102014
1,4647,2022-06-17T18:57:22+00:00,0.3196689869454717,0.6803310130545284,6,6,0.968442843667601,0.23370089048320408,4.58351893845611,5,4,65,26,91,6,0,0,0,1,7,1,12.392025
1,4645,2022-06-17T19:05:19+00:00,0.24469129412913365,0.7553087058708663,3,3,0.9937747547713688,0.3836591405413492,2.791759469228055,3,2,7,3,10,3,0,0,0,1,1,1,45.207569
1,4629,2022-06-18T19:24:14+00:00,0.4484010342041954,0.5515989657958046,11,11,0.9815840507589693,0.13957773617859895,5.406719247264253,4,3,190,42,232,11,0,0,0,1,19,4,11.373368
1,4662,2022-06-30T04:21:53+00:00,0.2410467605288666,0.7589532394711334,3,3,0.9978785463930444,0.36311433248313685,3.0794415416798357,2,1,9,7,16,3,0,0,0,1,15,2,1.634387
1,4666,2022-07-01T19:35:24+00:00,0.22361929477288475,0.7763807052271152,10,10,0.9943292031218013,0.12408427511617962,5.248495242049359,4,3,84,220,304,10,0,0,0,1,12,4,0.0689
1,4667,2022-07-01T21:14:37+00:00,0.34388760184654593,0.656112398153454,3,3,0.9857782055444676,0.40618343030506737,5.2626798770413155,2,1,16,90,106,3,0,0,0,1,5,2,6.905637
1,4672,2022-07-03T04:48:06+00:00,0.22622978342097455,0.7737702165790254,6,6,0.9882779335886633,0.22650311673965967,4.737669618283368,4,3,62,26,88,6,0,0,0,1,11,2,3.678634
1,4675,2022-07-06T12:33:05+00:00,0.5063654930783454,0.49363450692165456,2,2,1.0,0.5,1.6931471805599454,2,1,2,0,2,2,0,0,0,1,1,1,7.181898
1,4676,2022-07-06T21:05:20+00:00,0.18987879370926447,0.8101212062907355,6,6,0.9739933167571577,0.21623943922112795,5.23410650459726,2,1,123,76,199,6,0,0,0,1,10,4,1.912083
1,4682,2022-07-08T18:58:44+00:00,0.2612662960816362,0.7387337039183638,23,23,0.9870947628172115,0.06683034223248646,5.941642422609304,5,4,350,351,701,23,0,0,0,1,18,10,0.740382
1,4685,2022-07-09T12:44:53+00:00,0.12252450141895961,0.8774754985810403,7,7,0.9953806475217409,0.17592545891019265,3.70805020110221,2,1,25,25,50,7,0,0,0,1,9,6,4.173704
1,4692,2022-07-13T16:55:01+00:00,0.5306449689984579,0.4693550310015421,13,13,0.9739549901408803,0.12569159936408933,6.8944028342648505,4,3,664,284,948,12,1,0,0,1,6,4,19.034387
1,4693,2022-07-13T20:50:05+00:00,0.47098716852745254,0.5290128314725475,2,2,0.9715175326007189,0.599025939121058,3.5649493574615367,2,1,15,0,15,2,0,0,0,0,0,0,
1,4694,2022-07-13T20:54:33+00:00,0.18842847279240593,0.8115715272075941,2,2,1.0,0.5,2.09861228866811,2,1,2,2,4,2,0,0,0,1,4,1,19.137234
1,4695,2022-07-14T21:17:38+00:00,0.44862644754826553,0.5513735524517345,3,3,0.9777384590800258,0.43726327315263447,3.4849066497880004,3,2,15,1,16,3,0,0,0,0,0,0,
1,4718,2022-08-01T17:44:32+00:00,0.15099096932294007,0.8490090306770599,6,6,0.9697821953284781,0.2731935834905971,5.672828834461906,4,3,31,118,149,6,0,0,0,1,9,2,0.008137
1,4719,2022-08-01T17:56:15+00:00,0.1416014787635885,0.8583985212364115,1,1,0.0,1.0,2.6094379124341005,1,0,0,4,4,1,0,0,0,1,3,1,0.182662
1,4720,2022-08-01T22:19:17+00:00,0.3327999020684813,0.6672000979315187,14,14,0.9634907770521141,0.11138934481355836,5.941642422609304,5,4,201,323,524,12,1,1,0,1,7,3,0.07287
1,4722,2022-08-02T00:04:13+00:00,0.13226458314258935,0.8677354168574106,8,8,0.9714585463766636,0.2383195835679012,6.147494476813453,4,3,154,57,211,8,0,0,0,1,4,2,1.707002
1,4710,2022-08-02T00:12:10+00:00,0.18663223640362236,0.8133677635963776,2,2,1.0,0.5,2.09861228866811,2,1,2,2,4,2,0,0,0,1,3,1,1.985567
1,4735,2022-08-03T17:02:18+00:00,0.12003180455806102,0.8799681954419389,5,5,0.9774461559744578,0.26812535636651535,5.59511985013459,2,1,167,42,209,5,0,0,0,1,3,1,0.892731
1,4736,2022-08-03T23:51:23+00:00,0.182253341509943,0.817746658490057,2,2,1.0,0.5,2.09861228866811,2,1,2,2,4,2,0,0,0,1,2,1,4.981273
1,4742,2022-08-04T14:27:50+00:00,0.22507160969861528,0.7749283903013847,2,2,0.9970299652390645,0.5320722475311029,2.386294361119891,2,1,4,1,5,2,0,0,0,1,2,1,44.893021
1,4749,2022-08-05T18:35:15+00:00,0.4233681700596655,0.5766318299403346,1,1,0.0,1.0,2.09861228866811,1,0,1,1,2,1,0,0,0,1,1,1,3.197419
1,4754,2022-08-08T23:19:32+00:00,0.3164766116877675,0.6835233883122325,3,3,0.988094008791635,0.40709939094993997,3.0794415416798357,3,2,4,8,12,3,0,0,0,0,0,0,
1,4755,2022-08-08T23:24:25+00:00,0.1847217813679821,0.8152782186320179,2,2,1.0,0.5,2.09861228866811,2,1,2,2,4,2,0,0,0,1,1,1,24.685984
1,4757,2022-08-09T14:03:39+00:00,0.06145559443160517,0.9385444055683948,1,1,0.0,1.0,2.6094379124341005,1,0,2,2,4,1,0,0,0,0,0,0,
1,4780,2022-08-21T14:56:09+00:00,0.38921686151792967,0.6107831384820703,1,1,0.0,1.0,2.791759469228055,1,0,3,2,5,1,0,0,0,0,0,0,
1,4801,2022-09-02T15:52:14+00:00,0.45955241218329257,0.5404475878167074,1,1,0.0,1.0,2.09861228866811,1,0,1,1,2,1,0,0,0,0,0,0,
1,4821,2022-09-18T11:53:47+00:00,0.27882305055099793,0.7211769494490021,1,1,0.0,1.0,2.09861228866811,1,0,1,1,2,1,0,0,0,1,2,1,42.126435
1,4840,2022-10-30T14:55:51+00:00,0.471216194976935,0.528783805023065,3,3,0.9937747547713688,0.3836591405413492,2.791759469228055,3,2,8,2,10,3,0,0,0,1,2,1,26.033287
1,4879,2022-11-25T15:43:47+00:00,0.32737954575864237,0.6726204542413576,12,12,0.991603614783571,0.11244058074418917,3.9444389791664403,4,3,39,46,85,12,0,0,0,1,3,2,29.109144
1,4921,2022-12-24T18:20:57+00:00,0.3223877048651121,0.677612295134888,4,4,1.0,0.25,2.09861228866811,2,1,5,3,8,4,0,0,0,1,7,3,11.115035
1,4779,2022-12-24T22:28:21+00:00,0.38259482301819975,0.6174051769818003,10,10,0.9864476565980409,0.13614095695149397,2.9459101490553135,4,3,15,11,26,10,0,0,0,0,0,0,
1,4935,2023-01-04T21:06:36+00:00,0.45010200658310345,0.5498979934168966,4,4,0.9706085834467858,0.34211665895971877,4.912023005428146,4,3,78,0,78,4,0,0,0,1,4,1,36.900139
1,4942,2023-01-09T19:11:02+00:00,0.42656773681173993,0.57343226318826,1,1,0.0,1.0,2.6094379124341005,1,0,2,2,4,1,0,0,0,0,0,0,
1,4949,2023-01-20T21:49:30+00:00,0.5183320391866791,0.48166796081332086,10,11,0.9799518564719447,0.15166310957157927,5.58351893845611,6,5,139,44,183,7,4,0,0,0,0,0,
1,4968,2023-02-10T17:35:31+00:00,0.6937508478771218,0.3062491521228782,9,9,0.986543611559744,0.16040104565061675,6.627621113690637,2,1,513,70,583,1,8,0,0,0,0,0,
1,4971,2023-02-10T18:42:48+00:00,0.5756895945542133,0.4243104054457867,2,2,0.9978135252494827,0.5275207469415033,5.2626798770413155,1,0,77,33,110,2,0,0,0,1,6,2,12.918646
1,4980,2023-02-15T22:44:24+00:00,0.1945714920029299,0.8054285079970701,10,10,0.9889482095112917,0.14103574667150826,3.5649493574615367,4,3,26,20,46,10,0,0,0,1,9,1,7.750868
1,4995,2023-02-23T16:45:39+00:00,0.4297129079633948,0.5702870920366052,16,16,0.9816351777447028,0.0986120204067396,6.831882477283517,4,3,81,946,1027,16,0,0,0,1,18,7,0.009711
1,4996,2023-02-23T16:59:38+00:00,0.3671903685771675,0.6328096314228324,8,8,0.9795530142994099,0.19675541248989026,4.332204510175204,4,3,41,20,61,8,0,0,0,1,7,1,48.910799
1,4997,2023-02-23T17:34:18+00:00,0.21981838295313638,0.7801816170468636,4,4,0.9628128019988749,0.3432723360631541,3.995732273553991,3,2,19,16,35,4,0,0,0,1,7,2,0.059144
1,4998,2023-02-23T18:59:28+00:00,0.22953251533977398,0.770467484660226,4,4,0.9933966138751383,0.29754899854125394,3.5649493574615367,2,1,22,6,28,4,0,0,0,1,7,3,15.890625
1,4992,2023-02-23T19:13:18+00:00,0.42706393871142806,0.5729360612885719,4,4,0.9755132618608736,0.32143774581414736,3.6390573296152584,3,2,23,5,28,3,1,0,0,1,2,1,55.891354
1,5026,2023-03-11T16:21:58+00:00,0.21384953514408764,0.7861504648559123,3,3,0.9966913232963085,0.371838529509508,3.1972245773362196,2,1,13,4,17,3,0,0,0,1,7,2,32.066157
1,5014,2023-03-11T16:34:56+00:00,0.3362159919847858,0.6637840080152142,3,3,0.9937747547713688,0.3836591405413492,2.791759469228055,3,2,10,0,10,3,0,0,0,1,1,1,40.001331
1,5053,2023-04-12T17:57:14+00:00,0.3198069242870426,0.6801930757129574,4,4,0.9789697821531883,0.33517983722467853,5.2626798770413155,2,1,49,60,109,4,0,0,0,1,3,1,7.944178
1,5054,2023-04-12T20:10:35+00:00,0.25552913427436874,0.7444708657256313,5,5,0.9812165860309213,0.2519526972900643,5.143134726391533,4,3,34,125,159,5,0,0,0,1,6,2,0.790197
1,5034,2023-04-12T20:43:24+00:00,0.23379774225929187,0.7662022577407082,1,1,0.0,1.0,2.09861228866811,1,0,1,1,2,1,0,0,0,1,1,1,7.828785
1,5058,2023-04-13T14:51:11+00:00,0.295229285308495,0.704770714691505,16,18,0.9794599234895833,0.0956085572618431,5.258096538021482,7,6,82,168,250,18,0,0,0,1,6,1,12.126366
1,5049,2023-04-13T15:08:28+00:00,0.1439457212087978,0.8560542787912022,5,5,0.9769078618194444,0.2678660796271599,3.833213344056216,2,1,25,12,37,5,0,0,0,1,5,4,7.061377
1,5063,2023-04-14T16:45:20+00:00,0.11843141449759491,0.8815685855024051,3,3,0.9396096628909169,0.4240083487269639,5.189654742026425,3,2,69,49,118,3,0,0,0,1,1,1,5.994109
1,5071,2023-04-20T16:36:51+00:00,0.1813309368267154,0.8186690631732846,19,19,0.9810978635351406,0.07963195692624726,5.709530201312334,2,1,277,262,539,19,0,0,0,1,9,6,0.065984
1,5072,2023-04-20T18:11:52+00:00,0.33200291337613747,0.6679970866238625,13,14,0.9851662905203983,0.13544680114269295,4.7080502011022105,10,9,19,40,59,14,0,0,0,1,4,3,5.015023
1,5081,2023-04-25T17:53:09+00:00,0.20619219373483116,0.7938078062651688,3,3,0.9999999999999998,0.3333333333333333,2.09861228866811,3,2,3,3,6,3,0,0,0,1,5,1,0.034178
1,5082,2023-04-25T18:33:30+00:00,0.3963589970529932,0.6036410029470067,4,5,0.909621572035479,0.4714312390802323,6.595119850134591,4,3,16,14,30,5,0,0,0,0,0,0,
1,5083,2023-04-25T18:42:22+00:00,0.18891585284367496,0.811084147156325,2,2,1.0,0.5,2.09861228866811,2,1,2,2,4,2,0,0,0,1,4,1,0.058333
1,5085,2023-04-25T20:06:22+00:00,0.46708162278025483,0.5329183772197452,2,2,1.0,0.5,2.09861228866811,2,1,3,1,4,2,0,0,0,1,3,1,0.052257
1,5086,2023-04-25T21:21:37+00:00,0.18456107931362212,0.8154389206863779,2,2,1.0,0.5,2.09861228866811,2,1,2,2,4,2,0,0,0,1,2,1,5.764468
1,5101,2023-05-01T15:22:59+00:00,0.4572588702290904,0.5427411297709096,3,3,0.9594827662320401,0.47260118573790727,4.218875824868201,3,2,10,20,30,3,0,0,0,1,1,1,0.951389
1,5102,2023-05-01T15:42:27+00:00,0.14197707260423886,0.8580229273957611,3,4,0.9268005349319602,0.5286810702912171,4.7080502011022105,3,2,5,5,10,4,0,0,0,1,1,1,0.959282
1,5108,2023-05-02T14:12:59+00:00,0.15991650212074895,0.8400834978792511,2,2,0.9344355292928099,0.649587931383449,3.8903717578961645,2,1,16,3,19,2,0,0,0,0,0,0,
1,5109,2023-05-02T14:18:08+00:00,0.3640024721041242,0.6359975278958758,3,3,0.9444672156590349,0.450750936495542,4.178053830347945,3,2,30,4,34,3,0,0,0,0,0,0,
1,5110,2023-05-02T14:43:49+00:00,0.19932427225993485,0.8006757277400651,2,2,1.0,0.5,2.09861228866811,2,1,2,2,4,2,0,0,0,0,0,0,
1,5111,2023-05-02T17:41:41+00:00,0.38879999993154657,0.6112000000684534,5,5,0.9602151456296933,0.2874338916298379,5.532599493153256,2,1,59,119,178,5,0,0,0,1,2,1,36.111204
1,5126,2023-05-14T16:43:35+00:00,0.5106707387380492,0.48932926126195075,1,1,0.0,1.0,3.1972245773362196,1,0,5,3,8,1,0,0,0,0,0,0,
1,5157,2023-06-07T20:21:49+00:00,0.29747541270301736,0.7025245872969826,5,6,0.9718506602003382,0.32259835863601266,4.7080502011022105,4,3,12,8,20,6,0,0,0,1,2,2,1.845255
1,5161,2023-06-09T16:38:59+00:00,0.27228125214645066,0.7277187478535494,3,3,0.9061371914752344,0.5154758424449797,5.672828834461906,2,1,39,81,120,3,0,0,0,1,1,1,68.229097
1,5215,2023-08-16T20:35:14+00:00,0.22736304663164839,0.7726369533683516,1,1,0.0,1.0,2.09861228866811,1,0,1,1,2,1,0,0,0,1,1,1,4.838275
1,5223,2023-08-16T22:08:53+00:00,0.1880225868969108,0.8119774131030892,7,7,0.9780213565655148,0.19218158581878325,5.394449154672439,3,2,3,225,228,7,0,0,0,1,6,3,3.766157
1,5127,2023-08-20T16:32:09+00:00,0.5367768066964028,0.4632231933035972,13,13,0.9536743452360561,0.13496521654852667,7.900730664045173,2,1,1820,1537,3357,9,3,0,1,1,5,4,1.13941
1,5231,2023-08-21T16:42:21+00:00,0.18478105400487638,0.8152189459951236,7,8,0.9777802249366305,0.1943022339051627,4.713572066704308,5,4,50,36,86,8,0,0,0,0,0,0,
1,5232,2023-08-21T19:52:54+00:00,0.18942604129858412,0.8105739587014159,2,2,1.0,0.5,2.09861228866811,2,1,2,2,4,2,0,0,0,1,1,1,7.720197
1,5238,2023-08-27T14:12:04+00:00,0.05893490451433346,0.9410650954856665,1,1,0.0,1.0,1.6931471805599454,1,0,0,1,1,1,0,0,0,1,2,1,34.00934
1,5242,2023-08-29T13:09:59+00:00,0.14103856130197656,0.8589614386980234,3,3,0.9503613954408939,0.49359443152683957,4.091042453358316,3,2,23,2,25,3,0,0,0,0,0,0,
1,5264,2023-09-30T14:25:31+00:00,0.42795482509208727,0.5720451749079127,3,3,0.9603406098988712,0.4762708511410754,3.0794415416798357,3,2,9,0,9,3,0,0,0,1,1,1,40.294329
1,5331,2023-11-09T21:29:21+00:00,0.16449654840669484,0.8355034515933052,25,26,0.9769975273830388,0.11312265986613225,8.659293919683638,6,5,99,128,227,25,0,1,0,1,4,6,5.976655
1,5336,2023-11-15T20:55:44+00:00,0.519269414858545,0.48073058514145495,2,2,1.0,0.5,2.09861228866811,2,1,3,1,4,2,0,0,0,1,3,1,28.087153
1,5351,2023-12-13T23:01:14+00:00,0.3901861456916377,0.6098138543083623,3,3,0.9913797527356131,0.3848870407324078,2.9459101490553135,2,1,6,6,12,3,0,0,0,1,2,1,32.702581
1,5344,2023-12-13T23:06:37+00:00,0.29113065033689345,0.7088693496631066,2,2,0.96703271351993,0.6064814189690476,2.6094379124341005,2,1,4,1,5,2,0,0,0,1,2,1,35.75713
1,5382,2024-01-15T15:52:35+00:00,0.36250744636031296,0.637492553639687,2,2,0.9657981449960952,0.6084411807116781,3.70805020110221,2,1,16,1,17,2,0,0,0,1,2,1,3.058542
1,5377,2024-01-15T15:52:57+00:00,0.42513980589252576,0.5748601941074742,2,2,1.0,0.5,2.09861228866811,2,1,2,2,4,2,0,0,0,1,1,1,3.058287
1,5383,2024-01-18T17:16:53+00:00,0.271832787428794,0.728167212571206,27,28,0.9854173548260639,0.05789172861020566,5.927253685157205,5,4,390,284,674,28,0,0,0,1,5,8,16.126238
1,5389,2024-02-03T20:18:40+00:00,0.3388364951851722,0.6611635048148278,2,2,0.9970299652390645,0.5320722475311029,2.386294361119891,2,1,4,1,5,2,0,0,0,1,1,1,63.956736
1,5393,2024-02-03T20:39:33+00:00,0.2318509407435112,0.7681490592564888,3,3,0.9935844725093623,0.3722440424418285,2.791759469228055,3,2,10,1,11,3,0,0,0,1,1,1,63.864664
1,5457,2024-04-07T17:24:40+00:00,0.3607222797855149,0.639277720214485,30,35,0.9607447159482518,0.09281888482744778,10.584103896698863,13,12,377,317,694,30,1,2,2,0,0,0,
1,5460,2024-04-07T18:42:24+00:00,0.1859695975501662,0.8140304024498338,2,2,0.9875378988683778,0.5656245738377301,3.3978952727983707,2,1,13,1,14,2,0,0,0,0,0,0,
1,5270,2024-04-07T19:16:22+00:00,0.5685245688741923,0.43147543112580766,5,5,0.9775692712077525,0.2855045500017616,4.663561646129646,2,1,54,12,66,5,0,0,0,1,2,2,47.969375
1,5476,2024-05-06T17:24:44+00:00,0.4028743485893648,0.5971256514106352,5,5,0.9824883038742835,0.2665244511154776,3.70805020110221,2,1,16,16,32,5,0,0,0,0,0,0,
1,5485,2024-05-25T18:32:16+00:00,0.1864741478668385,0.8135258521331615,1,1,0.0,1.0,2.09861228866811,1,0,1,1,2,1,0,0,0,1,1,1,13.022245
1,5496,2024-06-07T19:04:18+00:00,0.43548946070509464,0.5645105392949054,4,4,0.975937075593332,0.35483639649692195,3.3978952727983707,3,2,14,2,16,4,0,0,0,1,1,1,33.300324
1,5526,2024-07-11T02:16:46+00:00,0.23076730189756806,0.769232698102432,4,4,0.9797348410896262,0.2983627695968416,5.04305126783455,3,2,81,53,134,4,0,0,0,0,0,0,
1,5620,2024-10-24T21:54:53+00:00,0.2098105651128746,0.7901894348871255,10,10,0.9934634221043559,0.13481476736501044,3.3978952727983707,3,2,22,19,41,10,0,0,0,1,9,5,6.900903
1,5623,2024-10-31T19:32:11+00:00,0.3096082401478083,0.6903917598521917,12,12,0.9852032155962008,0.13282036564728397,4.13549421592915,6,5,25,42,67,12,0,0,0,1,6,2,1.034317
1,5626,2024-11-01T20:21:36+00:00,0.3286187652879508,0.6713812347120491,7,7,0.9760483385666028,0.19203189667769913,5.564348191467836,4,3,231,33,264,6,1,0,0,1,4,1,0.128495
1,5499,2024-11-01T23:26:38+00:00,0.4586167167010009,0.5413832832989991,5,5,0.9705140219781583,0.2870417170900129,3.8903717578961645,4,3,34,0,34,5,0,0,0,1,4,2,6.700995
1,5627,2024-11-02T01:06:12+00:00,0.21886956257935297,0.781130437420647,8,8,0.9672356265901123,0.19429898742418286,3.3978952727983707,2,1,21,5,26,6,0,0,2,0,0,0,
1,5599,2024-11-06T17:47:58+00:00,0.44114619704403485,0.5588538029559651,1,1,0.0,1.0,2.386294361119891,1,0,2,1,3,1,0,0,0,0,0,0,
1,5630,2024-11-07T19:56:27+00:00,0.4049169421029838,0.5950830578970162,3,3,0.9478890980215674,0.46363533189977607,5.709530201312334,3,2,90,47,137,3,0,0,0,0,0,0,
1,5632,2024-11-08T16:16:04+00:00,0.137112223886969,0.862887776113031,9,9,0.9378139089886675,0.19243090750502348,4.13549421592915,5,4,55,7,62,6,0,0,3,1,3,2,4.081655
1,5634,2024-11-12T18:13:39+00:00,0.25794993624794554,0.7420500637520544,5,5,0.9828837155188648,0.23414064370322948,4.7841896339182615,4,3,98,43,141,5,0,0,0,1,1,1,0.451204
1,5637,2024-11-13T05:03:23+00:00,0.3653206513523029,0.6346793486476972,4,4,0.9816258882876477,0.29984797818806164,3.833213344056216,4,3,40,0,40,4,0,0,0,0,0,0,
1,5638,2024-11-13T16:27:13+00:00,0.36787585275731954,0.6321241472426804,1,1,0.0,1.0,3.5649493574615367,1,0,7,5,12,1,0,0,0,0,0,0,
1,5648,2024-11-23T23:59:30+00:00,0.1768183774157846,0.8231816225842155,2,2,0.9239082500979898,0.6609484088960595,4.091042453358316,2,1,2,21,23,2,0,0,0,1,1,1,0.004942
1,5649,2024-11-24T00:06:37+00:00,0.09774617165108873,0.9022538283489112,1,1,0.0,1.0,2.09861228866811,1,0,1,1,2,1,0,0,0,0,0,0,
1,5647,2024-11-24T01:52:56+00:00,0.46118188689831974,0.5388181131016803,2,2,0.9970299652390645,0.5320722475311029,2.386294361119891,2,1,4,1,5,2,0,0,0,0,0,0,
1,5674,2025-03-29T22:15:04+00:00,0.3594398215502879,0.6405601784497121,2,2,0.9914913036031162,0.5542502311940515,2.6094379124341005,2,1,5,1,6,2,0,0,0,1,1,1,44.72265
1,5700,2025-03-29T22:28:27+00:00,0.36893131994911393,0.631068680050886,1,1,0.0,1.0,4.332204510175204,1,0,14,13,27,1,0,0,0,0,0,0,
1,5659,2025-03-30T20:15:54+00:00,0.33377273156574916,0.6662272684342508,2,2,1.0,0.5,2.386294361119891,2,1,6,0,6,2,0,0,0,1,1,1,43.805405
1,5727,2025-05-12T01:04:35+00:00,0.3668869246378333,0.6331130753621668,18,24,0.965749275772108,0.09820782071629214,9.104965448269843,9,8,1876,534,2410,9,1,14,0,0,0,0,
1,5731,2025-05-13T15:35:41+00:00,0.21152680261746087,0.7884731973825392,11,11,0.9555050464504526,0.19609222961262412,6.572154032177765,7,6,78,284,362,11,0,0,0,0,0,0,
1,5797,2025-08-18T16:56:39+00:00,0.19924151465013842,0.8007584853498616,3,3,0.9621573676554123,0.47199185364915974,4.465735902799727,3,2,15,23,38,3,0,0,0,1,1,1,32.283889
1,5777,2025-08-18T17:26:12+00:00,0.40663067355358967,0.5933693264464104,2,2,0.991735803318151,0.5534666177270352,2.09861228866811,2,1,2,1,3,2,0,0,0,1,2,1,0.915035
1,5799,2025-08-19T15:23:51+00:00,0.14859270518081116,0.8514072948191889,3,3,0.917603636238005,0.4733341416361189,5.276666119016055,3,2,63,32,95,3,0,0,0,1,1,1,31.348333
1,5736,2025-08-19T19:36:01+00:00,0.31097941275386765,0.6890205872461324,6,6,0.9757647883679809,0.20072157629127682,6.030437921392435,4,3,410,112,522,6,0,0,0,1,1,1,31.173218
1,5812,2025-09-19T23:45:27+00:00,0.35894277187950685,0.6410572281204931,36,36,0.9811279431494585,0.052591086496122194,7.148468295917647,4,3,779,1007,1786,36,0,0,0,1,1,3,58.711412
1,5818,2025-11-17T16:49:53+00:00,0.40279456715694184,0.5972054328430582,6,6,0.9594449992799186,0.27967583150197356,6.123963979403259,3,2,167,72,239,6,0,0,0,1,2,1,68.42397
1,5898,2026-01-25T01:18:35+00:00,0.17238622550308785,0.8276137744969121,4,4,0.9950247116324854,0.2665446442171042,2.791759469228055,3,2,14,3,17,4,0,0,0,1,4,2,0.046481
1,5808,2026-01-25T02:25:31+00:00,0.14303911894112273,0.8569608810588772,1,1,0.0,1.0,2.09861228866811,1,0,1,1,2,1,0,0,0,1,2,1,0.060891
1,5844,2026-01-25T03:00:24+00:00,0.2919133249279554,0.7080866750720446,4,4,0.9912984870795113,0.3106644413480988,3.1972245773362196,3,2,13,4,17,4,0,0,0,1,2,1,0.036667
1,5899,2026-01-25T03:53:12+00:00,0.09746670584184784,0.9025332941581522,3,3,0.9676359224173546,0.39378799943005366,3.8903717578961645,2,1,27,9,36,3,0,0,0,1,2,2,18.718507
1,5903,2026-01-28T15:43:01+00:00,0.11602858920469053,0.8839714107953095,2,2,1.0,0.5,2.791759469228055,2,1,2,8,10,2,0,0,0,0,0,0,
1,5917,2026-02-12T21:07:51+00:00,0.16706602554612404,0.832933974453876,7,7,0.9724492636093511,0.20546716584341032,5.330733340286331,4,3,96,86,182,7,0,0,0,1,1,1,78.285486
1,5928,2026-02-20T04:00:34+00:00,0.35566161353769515,0.6443383864623049,10,10,0.9719011949656428,0.13664118718061172,5.174387269895637,4,3,194,80,274,10,0,0,0,0,0,0,
