repository_id,pull_request_number,total_files,python_file_count,non_python_file_count,python_similarity,random_mean_similarity,random_median_similarity,random_p05_similarity,random_p95_similarity,random_best_similarity,python_minus_random_mean,random_probability_beats_python
1,232,1,1,0,0.17286039127094657,0.17286039127094663,0.17286039127094657,0.17286039127094657,0.17286039127094657,0.17286039127094657,-5.551115123125783e-17,1.0
1,236,1,1,0,0.6563803071771509,0.656380307177151,0.6563803071771509,0.6563803071771509,0.6563803071771509,0.6563803071771509,-1.1102230246251565e-16,1.0
1,237,1,1,0,0.0867340203328191,0.08673402033281909,0.0867340203328191,0.0867340203328191,0.0867340203328191,0.0867340203328191,1.3877787807814457e-17,1.0
1,252,1,1,0,0.22332470223785936,0.2233247022378593,0.22332470223785936,0.22332470223785936,0.22332470223785936,0.22332470223785936,5.551115123125783e-17,1.0
1,275,1,1,0,0.4525535566399518,0.4525535566399518,0.4525535566399518,0.4525535566399518,0.4525535566399518,0.4525535566399518,0.0,1.0
1,277,1,1,0,0.5795517068004981,0.5795517068004978,0.5795517068004981,0.5795517068004981,0.5795517068004981,0.5795517068004981,2.220446049250313e-16,1.0
1,282,2,1,1,0.14059609261589423,0.1585347702852746,0.14059609261589423,0.14059609261589423,0.17789064078508415,0.17789064078508415,-0.01793867766938037,1.0
1,284,1,1,0,0.047257951493730646,0.04725795149373065,0.047257951493730646,0.047257951493730646,0.047257951493730646,0.047257951493730646,-6.938893903907228e-18,1.0
1,307,4,4,0,0.4978782423219414,0.4978782423219413,0.49787824232194133,0.49787824232194133,0.4978782423219414,0.4978782423219414,1.1102230246251565e-16,0.431
1,309,2,2,0,0.5612073024752708,0.561207302475271,0.5612073024752708,0.5612073024752708,0.5612073024752708,0.5612073024752708,-1.1102230246251565e-16,1.0
1,320,1,1,0,0.4762777931700852,0.476277793170085,0.4762777931700852,0.4762777931700852,0.4762777931700852,0.4762777931700852,1.6653345369377348e-16,1.0
1,322,1,1,0,0.5829965965193459,0.5829965965193458,0.5829965965193459,0.5829965965193459,0.5829965965193459,0.5829965965193459,1.1102230246251565e-16,1.0
1,324,1,1,0,0.3001432157762897,0.3001432157762897,0.3001432157762897,0.3001432157762897,0.3001432157762897,0.3001432157762897,0.0,1.0
1,327,1,1,0,0.08321526261473422,0.08321526261473422,0.08321526261473422,0.08321526261473422,0.08321526261473422,0.08321526261473422,0.0,1.0
1,347,1,1,0,0.3954593697706023,0.39545936977060225,0.3954593697706023,0.3954593697706023,0.3954593697706023,0.3954593697706023,5.551115123125783e-17,1.0
1,387,3,1,2,0.11540495635599139,0.20430814280787907,0.2435879280432004,0.11540495635599139,0.24771717528891396,0.24771717528891396,-0.08890318645188768,1.0
1,390,1,1,0,0.4919013497531935,0.4919013497531937,0.4919013497531935,0.4919013497531935,0.4919013497531935,0.4919013497531935,-2.220446049250313e-16,1.0
1,392,5,1,4,0.07680226504114457,0.1329818518635787,0.14417661098055137,0.07680226504114457,0.1996113338416108,0.1996113338416108,-0.056179586822434124,1.0
1,396,1,1,0,0.39869795156016685,0.39869795156016685,0.39869795156016685,0.39869795156016685,0.39869795156016685,0.39869795156016685,0.0,1.0
1,409,2,2,0,0.3681491654576647,0.3681491654576646,0.3681491654576647,0.3681491654576647,0.3681491654576647,0.3681491654576647,1.1102230246251565e-16,1.0
1,413,8,4,4,0.4346554731037186,0.5073404123797682,0.5107174473568027,0.45740063121318064,0.548965267835298,0.5532728435146256,-0.07268493927604963,1.0
1,415,2,2,0,0.12255534709745822,0.12255534709745824,0.12255534709745822,0.12255534709745822,0.12255534709745822,0.12255534709745822,-2.7755575615628914e-17,1.0
1,416,1,1,0,0.5492062204476854,0.5492062204476855,0.5492062204476854,0.5492062204476854,0.5492062204476854,0.5492062204476854,-1.1102230246251565e-16,1.0
1,417,1,1,0,0.06117108442749833,0.06117108442749831,0.06117108442749833,0.06117108442749833,0.06117108442749833,0.06117108442749833,2.0816681711721685e-17,1.0
1,420,1,1,0,0.4907213910652388,0.49072139106523865,0.4907213910652388,0.4907213910652388,0.4907213910652388,0.4907213910652388,1.6653345369377348e-16,1.0
1,430,3,2,1,0.1215743230007254,0.12714955421690532,0.1215743230007254,0.12142948450179662,0.1396585243795609,0.1396585243795609,-0.005575231216179921,0.662
1,431,2,1,1,0.10337690972860497,0.14182647870121334,0.10337690972860497,0.10337690972860497,0.18121004530068668,0.18121004530068668,-0.03844956897260837,1.0
1,433,2,2,0,0.40212766818352735,0.40212766818352735,0.40212766818352735,0.40212766818352735,0.40212766818352735,0.40212766818352735,0.0,1.0
1,437,3,2,1,0.3270255454619136,0.35869754966687933,0.35442024042228387,0.3270255454619136,0.39515330599634096,0.39515330599634096,-0.03167200420496574,1.0
1,439,4,3,1,0.35852598150415793,0.32393088456772673,0.34056441501136697,0.24612438335195946,0.35852598150415793,0.35852598150415793,0.0345950969364312,0.235
1,444,1,1,0,0.5133131905024962,0.5133131905024964,0.5133131905024962,0.5133131905024962,0.5133131905024962,0.5133131905024962,-1.1102230246251565e-16,1.0
1,453,1,1,0,0.2697654375914004,0.2697654375914004,0.2697654375914004,0.2697654375914004,0.2697654375914004,0.2697654375914004,0.0,1.0
1,455,1,1,0,0.08724507124982321,0.08724507124982318,0.08724507124982321,0.08724507124982321,0.08724507124982321,0.08724507124982321,2.7755575615628914e-17,1.0
1,465,1,1,0,0.5179226461169718,0.5179226461169718,0.5179226461169718,0.5179226461169718,0.5179226461169718,0.5179226461169718,0.0,1.0
1,469,1,1,0,0.1284877209119351,0.12848772091193508,0.1284877209119351,0.1284877209119351,0.1284877209119351,0.1284877209119351,2.7755575615628914e-17,1.0
1,470,1,1,0,0.596409695164356,0.5964096951643558,0.596409695164356,0.596409695164356,0.596409695164356,0.596409695164356,2.220446049250313e-16,1.0
1,473,1,1,0,0.5615086334396279,0.561508633439628,0.5615086334396279,0.5615086334396279,0.5615086334396279,0.5615086334396279,-1.1102230246251565e-16,1.0
1,483,1,1,0,0.0472218113662612,0.047221811366261204,0.0472218113662612,0.0472218113662612,0.0472218113662612,0.0472218113662612,-6.938893903907228e-18,1.0
1,489,1,1,0,0.05012771270730675,0.05012771270730675,0.05012771270730675,0.05012771270730675,0.05012771270730675,0.05012771270730675,0.0,1.0
1,492,1,1,0,0.5617236331146755,0.5617236331146758,0.5617236331146755,0.5617236331146755,0.5617236331146755,0.5617236331146755,-2.220446049250313e-16,1.0
1,497,2,2,0,0.5470227455484427,0.5470227455484425,0.5470227455484427,0.5470227455484427,0.5470227455484427,0.5470227455484427,1.1102230246251565e-16,1.0
1,505,1,1,0,0.08571162104231066,0.08571162104231064,0.08571162104231066,0.08571162104231066,0.08571162104231066,0.08571162104231066,1.3877787807814457e-17,1.0
1,506,1,1,0,0.09650019334382993,0.09650019334382992,0.09650019334382993,0.09650019334382993,0.09650019334382993,0.09650019334382993,1.3877787807814457e-17,1.0
1,509,1,1,0,0.5076744049126881,0.5076744049126881,0.5076744049126881,0.5076744049126881,0.5076744049126881,0.5076744049126881,0.0,1.0
1,514,1,1,0,0.4736743979883519,0.47367439798835176,0.4736743979883519,0.4736743979883519,0.4736743979883519,0.4736743979883519,1.6653345369377348e-16,1.0
1,515,2,1,1,0.2031992542931884,0.4033213074064224,0.591785765192672,0.2031992542931884,0.591785765192672,0.591785765192672,-0.200122053113234,1.0
1,527,1,1,0,0.047507679111305254,0.04750767911130527,0.047507679111305254,0.047507679111305254,0.047507679111305254,0.047507679111305254,-1.3877787807814457e-17,1.0
1,530,1,1,0,0.10946387150471538,0.10946387150471538,0.10946387150471538,0.10946387150471538,0.10946387150471538,0.10946387150471538,0.0,1.0
1,533,1,1,0,0.42698254645255374,0.42698254645255385,0.42698254645255374,0.42698254645255374,0.42698254645255374,0.42698254645255374,-1.1102230246251565e-16,1.0
1,538,1,1,0,0.5227883048906576,0.5227883048906578,0.5227883048906576,0.5227883048906576,0.5227883048906576,0.5227883048906576,-1.1102230246251565e-16,1.0
1,543,1,1,0,0.6449567828675692,0.6449567828675691,0.6449567828675692,0.6449567828675692,0.6449567828675692,0.6449567828675692,1.1102230246251565e-16,1.0
1,564,1,1,0,0.4670862840903364,0.46708628409033626,0.4670862840903364,0.4670862840903364,0.4670862840903364,0.4670862840903364,1.6653345369377348e-16,1.0
1,565,1,1,0,0.5409468927533724,0.5409468927533724,0.5409468927533724,0.5409468927533724,0.5409468927533724,0.5409468927533724,0.0,1.0
1,567,1,1,0,0.0046199193672049575,0.004619919367204959,0.0046199193672049575,0.0046199193672049575,0.0046199193672049575,0.0046199193672049575,-1.734723475976807e-18,1.0
1,571,1,1,0,0.1821379278888293,0.1821379278888293,0.1821379278888293,0.1821379278888293,0.1821379278888293,0.1821379278888293,0.0,1.0
1,574,1,1,0,0.5292574334461082,0.5292574334461085,0.5292574334461082,0.5292574334461082,0.5292574334461082,0.5292574334461082,-3.3306690738754696e-16,1.0
1,578,1,1,0,0.13192826228001953,0.1319282622800195,0.13192826228001953,0.13192826228001953,0.13192826228001953,0.13192826228001953,2.7755575615628914e-17,1.0
1,583,1,1,0,0.033609257898918,0.033609257898918006,0.033609257898918,0.033609257898918,0.033609257898918,0.033609257898918,-6.938893903907228e-18,1.0
1,591,6,4,2,0.04296555747688312,0.09797622378078437,0.09971184020117327,0.042965557476883125,0.158519357370499,0.15851935737049905,-0.05501066630390125,1.0
1,594,1,1,0,0.6061768527959309,0.6061768527959309,0.6061768527959309,0.6061768527959309,0.6061768527959309,0.6061768527959309,0.0,1.0
1,603,1,1,0,0.07629849799392883,0.07629849799392883,0.07629849799392883,0.07629849799392883,0.07629849799392883,0.07629849799392883,0.0,1.0
1,614,2,2,0,0.6171691933583172,0.6171691933583172,0.6171691933583172,0.6171691933583172,0.6171691933583172,0.6171691933583172,0.0,1.0
1,619,1,1,0,0.6402674634513379,0.6402674634513377,0.6402674634513379,0.6402674634513379,0.6402674634513379,0.6402674634513379,2.220446049250313e-16,1.0
1,625,2,1,1,0.5016638545989354,0.4426874743210276,0.5016638545989354,0.37671389638302916,0.5016638545989354,0.5016638545989354,0.05897638027790775,0.528
1,630,1,1,0,0.1666877472522159,0.16668774725221597,0.1666877472522159,0.1666877472522159,0.1666877472522159,0.1666877472522159,-5.551115123125783e-17,1.0
1,635,1,1,0,0.1421007052357916,0.14210070523579163,0.1421007052357916,0.1421007052357916,0.1421007052357916,0.1421007052357916,-2.7755575615628914e-17,1.0
1,667,2,2,0,0.15038929806521412,0.15038929806521412,0.15038929806521412,0.15038929806521412,0.15038929806521412,0.15038929806521412,0.0,1.0
1,687,4,4,0,0.2947145257233448,0.2947145257233448,0.2947145257233448,0.2947145257233448,0.2947145257233449,0.2947145257233449,0.0,1.0
1,700,1,1,0,0.6810987459584694,0.6810987459584693,0.6810987459584694,0.6810987459584694,0.6810987459584694,0.6810987459584694,1.1102230246251565e-16,1.0
1,707,1,1,0,0.11086338318844335,0.11086338318844335,0.11086338318844335,0.11086338318844335,0.11086338318844335,0.11086338318844335,0.0,1.0
1,708,1,1,0,0.4641974363257267,0.46419743632572685,0.4641974363257267,0.4641974363257267,0.4641974363257267,0.4641974363257267,-1.6653345369377348e-16,1.0
1,730,6,4,2,0.299322758735461,0.27496868634135607,0.2780624822274785,0.24429267534245958,0.299322758735461,0.29932275873546105,0.02435407239410492,0.068
1,731,10,4,6,0.2769454347356427,0.25236084207868775,0.2600575459197204,0.11371391775305438,0.3705028494140748,0.3992874650772179,0.02458459265695495,0.401
1,732,12,12,0,0.21770761445130768,0.21770761445130762,0.21770761445130768,0.21770761445130762,0.21770761445130768,0.2177076144513077,5.551115123125783e-17,0.659
1,733,1,1,0,0.1634185319522304,0.1634185319522304,0.1634185319522304,0.1634185319522304,0.1634185319522304,0.1634185319522304,0.0,1.0
1,734,1,1,0,0.1481688425837575,0.1481688425837575,0.1481688425837575,0.1481688425837575,0.1481688425837575,0.1481688425837575,0.0,1.0
1,735,13,13,0,0.2392790820595923,0.2392790820595923,0.23927908205959234,0.2392790820595923,0.23927908205959236,0.23927908205959242,0.0,0.989
1,736,24,24,0,0.21582911713953734,0.2158291171395374,0.21582911713953734,0.2158291171395373,0.21582911713953737,0.2158291171395374,-5.551115123125783e-17,0.768
1,737,9,9,0,0.08956039193619053,0.08956039193619053,0.08956039193619054,0.08956039193619052,0.08956039193619056,0.08956039193619057,0.0,0.773
1,739,1,1,0,0.2744240417826258,0.27442404178262586,0.2744240417826258,0.2744240417826258,0.2744240417826258,0.2744240417826258,-5.551115123125783e-17,1.0
1,740,1,1,0,0.6260100298045389,0.6260100298045389,0.6260100298045389,0.6260100298045389,0.6260100298045389,0.6260100298045389,0.0,1.0
1,741,1,1,0,0.07681461296840049,0.07681461296840048,0.07681461296840049,0.07681461296840049,0.07681461296840049,0.07681461296840049,1.3877787807814457e-17,1.0
1,742,8,6,2,0.6124719218698068,0.5646441028782806,0.5766830775160646,0.5085005887101959,0.609809867927949,0.6124719218698068,0.047827818991526216,0.01
1,743,1,1,0,0.5335027809061761,0.5335027809061759,0.5335027809061761,0.5335027809061761,0.5335027809061761,0.5335027809061761,2.220446049250313e-16,1.0
1,744,7,7,0,0.15944385516331186,0.1594438551633118,0.15944385516331186,0.15944385516331183,0.15944385516331186,0.15944385516331191,5.551115123125783e-17,0.512
1,745,1,1,0,0.25411481744214076,0.2541148174421407,0.25411481744214076,0.25411481744214076,0.25411481744214076,0.25411481744214076,5.551115123125783e-17,1.0
1,746,5,5,0,0.055595307319072695,0.055595307319072695,0.0555953073190727,0.05559530731907269,0.055595307319072716,0.05559530731907272,0.0,0.928
1,747,6,6,0,0.05714911246072628,0.0571491124607263,0.0571491124607263,0.057149112460726285,0.05714911246072632,0.05714911246072633,-2.0816681711721685e-17,1.0
1,751,2,2,0,0.12657175081611513,0.1265717508161151,0.12657175081611513,0.12657175081611513,0.12657175081611513,0.12657175081611513,2.7755575615628914e-17,1.0
1,764,1,1,0,-0.0036215574590152295,-0.003621557459015228,-0.0036215574590152295,-0.0036215574590152295,-0.0036215574590152295,-0.0036215574590152295,-1.734723475976807e-18,1.0
1,766,2,2,0,0.4857597123065146,0.48575971230651477,0.4857597123065146,0.4857597123065146,0.4857597123065146,0.4857597123065146,-1.6653345369377348e-16,1.0
1,775,3,3,0,0.5442141442073759,0.5442141442073759,0.5442141442073759,0.5442141442073759,0.5442141442073759,0.5442141442073759,0.0,1.0
1,811,1,1,0,0.4585561530224825,0.4585561530224825,0.4585561530224825,0.4585561530224825,0.4585561530224825,0.4585561530224825,0.0,1.0
1,816,2,2,0,0.0638731955985796,0.06387319559857961,0.0638731955985796,0.0638731955985796,0.0638731955985796,0.0638731955985796,-1.3877787807814457e-17,1.0
1,819,1,1,0,0.20437542006259204,0.20437542006259204,0.20437542006259204,0.20437542006259204,0.20437542006259204,0.20437542006259204,0.0,1.0
1,820,1,1,0,0.19222329823210627,0.19222329823210635,0.19222329823210627,0.19222329823210627,0.19222329823210627,0.19222329823210627,-8.326672684688674e-17,1.0
1,827,3,2,1,0.2617196505798904,0.25576489997537216,0.2617196505798904,0.2310304148449762,0.27077395547602606,0.27077395547602606,0.005954750604518222,0.703
1,838,1,1,0,0.19114873913013386,0.1911487391301339,0.19114873913013386,0.19114873913013386,0.19114873913013386,0.19114873913013386,-2.7755575615628914e-17,1.0
1,839,3,2,1,0.4249436292882793,0.3212270757068443,0.278357205412787,0.2610251931160673,0.4249436292882793,0.4249436292882793,0.103716553581435,0.331
1,840,1,1,0,0.006983565815109856,0.0069835658151098535,0.006983565815109856,0.006983565815109856,0.006983565815109856,0.006983565815109856,2.6020852139652106e-18,1.0
1,843,1,1,0,0.11962390223438729,0.11962390223438726,0.11962390223438729,0.11962390223438729,0.11962390223438729,0.11962390223438729,2.7755575615628914e-17,1.0
1,851,1,1,0,0.6076086295927309,0.607608629592731,0.6076086295927309,0.6076086295927309,0.6076086295927309,0.6076086295927309,-1.1102230246251565e-16,1.0
1,859,2,2,0,0.21673411555608,0.21673411555608,0.21673411555608,0.21673411555608,0.21673411555608,0.21673411555608,0.0,1.0
1,862,2,2,0,0.4534102903952137,0.4534102903952136,0.4534102903952137,0.4534102903952137,0.4534102903952137,0.4534102903952137,1.1102230246251565e-16,1.0
1,864,1,1,0,0.29250957199450517,0.2925095719945051,0.29250957199450517,0.29250957199450517,0.29250957199450517,0.29250957199450517,5.551115123125783e-17,1.0
1,876,4,2,2,0.5512222665349811,0.4120664169915257,0.43515073255413317,0.17640164793261626,0.5512222665349811,0.5512222665349811,0.1391558495434554,0.178
1,877,1,1,0,0.34686612941122735,0.34686612941122724,0.34686612941122735,0.34686612941122735,0.34686612941122735,0.34686612941122735,1.1102230246251565e-16,1.0
1,885,1,1,0,0.4333155954893602,0.4333155954893604,0.4333155954893602,0.4333155954893602,0.4333155954893602,0.4333155954893602,-1.6653345369377348e-16,1.0
1,891,1,1,0,0.4993975263912246,0.4993975263912247,0.4993975263912246,0.4993975263912246,0.4993975263912246,0.4993975263912246,-1.1102230246251565e-16,1.0
1,895,1,1,0,0.03456809553302217,0.03456809553302216,0.03456809553302217,0.03456809553302217,0.03456809553302217,0.03456809553302217,6.938893903907228e-18,1.0
1,919,1,1,0,0.6107935212445641,0.6107935212445641,0.6107935212445641,0.6107935212445641,0.6107935212445641,0.6107935212445641,0.0,1.0
1,936,1,1,0,0.3570765243530997,0.3570765243530997,0.3570765243530997,0.3570765243530997,0.3570765243530997,0.3570765243530997,0.0,1.0
1,938,3,2,1,0.40976144152660887,0.34808536702023624,0.3586352047668781,0.2755778057506763,0.40976144152660887,0.40976144152660887,0.061676074506372636,0.346
1,946,1,1,0,0.0617108109203752,0.06171081092037522,0.0617108109203752,0.0617108109203752,0.0617108109203752,0.0617108109203752,-2.0816681711721685e-17,1.0
1,960,2,2,0,0.20988434838944148,0.20988434838944148,0.20988434838944148,0.20988434838944148,0.20988434838944148,0.20988434838944148,0.0,1.0
1,961,1,1,0,0.06875447579387807,0.06875447579387807,0.06875447579387807,0.06875447579387807,0.06875447579387807,0.06875447579387807,0.0,1.0
1,997,1,1,0,0.14612307632762844,0.14612307632762844,0.14612307632762844,0.14612307632762844,0.14612307632762844,0.14612307632762844,0.0,1.0
1,1000,5,5,0,0.01113811207049711,0.011138112070497124,0.011138112070497124,0.01113811207049711,0.011138112070497136,0.011138112070497138,-1.3877787807814457e-17,0.962
1,1014,1,1,0,0.3564168227233246,0.35641682272332453,0.3564168227233246,0.3564168227233246,0.3564168227233246,0.3564168227233246,5.551115123125783e-17,1.0
1,1019,2,2,0,0.06863694976788987,0.06863694976788984,0.06863694976788987,0.06863694976788987,0.06863694976788987,0.06863694976788987,2.7755575615628914e-17,1.0
1,1022,1,1,0,-0.026976812749474464,-0.026976812749474454,-0.026976812749474464,-0.026976812749474464,-0.026976812749474464,-0.026976812749474464,-1.0408340855860843e-17,1.0
1,1030,1,1,0,0.23360249344934206,0.2336024934493421,0.23360249344934206,0.23360249344934206,0.23360249344934206,0.23360249344934206,-5.551115123125783e-17,1.0
1,1032,3,2,1,0.08689717608110505,0.059292938834917534,0.06659973776399339,0.024632619317389987,0.08689717608110505,0.08689717608110505,0.02760423724618751,0.343
1,1039,1,1,0,0.2686402415681825,0.26864024156818245,0.2686402415681825,0.2686402415681825,0.2686402415681825,0.2686402415681825,5.551115123125783e-17,1.0
1,1040,1,1,0,0.06881452830666904,0.06881452830666904,0.06881452830666904,0.06881452830666904,0.06881452830666904,0.06881452830666904,0.0,1.0
1,1052,1,1,0,0.32446062385419777,0.32446062385419777,0.32446062385419777,0.32446062385419777,0.32446062385419777,0.32446062385419777,0.0,1.0
1,1058,1,1,0,0.5977522750257326,0.5977522750257324,0.5977522750257326,0.5977522750257326,0.5977522750257326,0.5977522750257326,2.220446049250313e-16,1.0
1,1079,1,1,0,0.41680160859823057,0.4168016085982307,0.41680160859823057,0.41680160859823057,0.41680160859823057,0.41680160859823057,-1.1102230246251565e-16,1.0
1,1086,1,1,0,0.31732575801036117,0.3173257580103612,0.31732575801036117,0.31732575801036117,0.31732575801036117,0.31732575801036117,-5.551115123125783e-17,1.0
1,1100,1,1,0,0.2531196718071587,0.2531196718071587,0.2531196718071587,0.2531196718071587,0.2531196718071587,0.2531196718071587,0.0,1.0
1,1144,1,1,0,0.1636239145381353,0.1636239145381353,0.1636239145381353,0.1636239145381353,0.1636239145381353,0.1636239145381353,0.0,1.0
1,1156,1,1,0,0.5171602429809418,0.5171602429809418,0.5171602429809418,0.5171602429809418,0.5171602429809418,0.5171602429809418,0.0,1.0
1,1158,1,1,0,0.08284099235192614,0.08284099235192613,0.08284099235192614,0.08284099235192614,0.08284099235192614,0.08284099235192614,1.3877787807814457e-17,1.0
1,1161,2,1,1,0.15644306060102223,0.23268321153254173,0.15644306060102223,0.15644306060102223,0.31077534993608197,0.31077534993608197,-0.07624015093151951,1.0
1,1162,1,1,0,0.008545237133443717,0.008545237133443717,0.008545237133443717,0.008545237133443717,0.008545237133443717,0.008545237133443717,0.0,1.0
1,1165,84,61,23,0.6325944926782945,0.6262309400188033,0.6262057351824634,0.6135538359888555,0.6382888936617447,0.6481875465945927,0.006363552659491178,0.213
1,1206,2,2,0,0.2018005903665901,0.20180059036659015,0.2018005903665901,0.2018005903665901,0.2018005903665901,0.2018005903665901,-5.551115123125783e-17,1.0
1,1208,1,1,0,0.362560803743389,0.3625608037433891,0.362560803743389,0.362560803743389,0.362560803743389,0.362560803743389,-1.1102230246251565e-16,1.0
1,1213,2,2,0,0.5451093645278456,0.5451093645278455,0.5451093645278456,0.5451093645278456,0.5451093645278456,0.5451093645278456,1.1102230246251565e-16,1.0
1,1222,4,2,2,0.34323755206019435,0.2795293210829798,0.23797058855371073,0.20894447883923725,0.3499688494977872,0.3499688494977872,0.06370823097721456,0.325
1,1225,19,12,7,0.06699945790945447,0.20604293702001347,0.2049865205530631,0.13709898119319697,0.278384964844221,0.322036721188111,-0.139043479110559,1.0
1,1237,1,1,0,0.13001309726624832,0.13001309726624835,0.13001309726624832,0.13001309726624832,0.13001309726624832,0.13001309726624832,-2.7755575615628914e-17,1.0
1,1240,61,9,52,0.46649513850338586,0.40063848914758604,0.3967575067918978,0.3069471890556914,0.501955915516963,0.5603128495212771,0.06585664935579982,0.152
1,1242,1,1,0,-0.013142222468438394,-0.01314222246843839,-0.013142222468438394,-0.013142222468438394,-0.013142222468438394,-0.013142222468438394,-3.469446951953614e-18,1.0
1,1262,3,2,1,0.25268663000171016,0.2281543698757812,0.25268663000171016,0.14878460635768737,0.2773760195256206,0.2773760195256206,0.024532260125928962,0.685
1,1290,2,2,0,0.13906377533345782,0.13906377533345782,0.13906377533345782,0.13906377533345782,0.13906377533345782,0.13906377533345782,0.0,1.0
1,1291,2,2,0,0.20266580836568693,0.20266580836568693,0.20266580836568693,0.20266580836568693,0.20266580836568693,0.20266580836568693,0.0,1.0
1,1303,48,47,1,0.05892449196941589,0.06352370700061383,0.06357320591343933,0.060250387082547686,0.06684995964085735,0.06902869255851005,-0.004599215031197937,0.97
1,1326,3,2,1,0.3749341462387389,0.33662072006890803,0.3749341462387389,0.05557098441022591,0.5404589030674941,0.5404589030674941,0.038313426169830855,0.695
1,1332,1,1,0,0.020271163480319297,0.020271163480319303,0.020271163480319297,0.020271163480319297,0.020271163480319297,0.020271163480319297,-6.938893903907228e-18,1.0
1,1338,1,1,0,0.08231723314460049,0.08231723314460049,0.08231723314460049,0.08231723314460049,0.08231723314460049,0.08231723314460049,0.0,1.0
1,1341,2,2,0,0.12107220618400741,0.12107220618400742,0.12107220618400741,0.12107220618400741,0.12107220618400741,0.12107220618400741,-1.3877787807814457e-17,1.0
1,1342,3,2,1,0.6182066932004376,0.5707164955641683,0.6182066932004376,0.42038091568786723,0.6520700679055339,0.6520700679055339,0.04749019763626938,0.699
1,1346,1,1,0,0.1500949336405086,0.1500949336405086,0.1500949336405086,0.1500949336405086,0.1500949336405086,0.1500949336405086,0.0,1.0
1,1358,2,2,0,0.4628663709429363,0.4628663709429361,0.4628663709429363,0.4628663709429363,0.4628663709429363,0.4628663709429363,2.220446049250313e-16,1.0
1,1360,2,2,0,0.14119174598720344,0.14119174598720344,0.14119174598720344,0.14119174598720344,0.14119174598720344,0.14119174598720344,0.0,1.0
1,1371,1,1,0,0.06579331064132396,0.06579331064132397,0.06579331064132396,0.06579331064132396,0.06579331064132396,0.06579331064132396,-1.3877787807814457e-17,1.0
1,1393,5,4,1,0.1385657767483241,0.1277427220076132,0.1385657767483241,0.09904092706460935,0.14423515414593388,0.1442351541459339,0.010823054740710908,0.59
1,1422,2,2,0,0.21015597663923027,0.2101559766392303,0.21015597663923027,0.21015597663923027,0.21015597663923027,0.21015597663923027,-2.7755575615628914e-17,1.0
1,1431,2,2,0,0.2105424208673388,0.21054242086733888,0.2105424208673388,0.2105424208673388,0.2105424208673388,0.2105424208673388,-8.326672684688674e-17,1.0
1,1441,1,1,0,0.33868739958037186,0.33868739958037175,0.33868739958037186,0.33868739958037186,0.33868739958037186,0.33868739958037186,1.1102230246251565e-16,1.0
1,1450,2,2,0,0.2146633116552025,0.21466331165520244,0.2146633116552025,0.2146633116552025,0.2146633116552025,0.2146633116552025,5.551115123125783e-17,1.0
1,1463,1,1,0,0.047258812860201005,0.04725881286020099,0.047258812860201005,0.047258812860201005,0.047258812860201005,0.047258812860201005,1.3877787807814457e-17,1.0
1,1480,2,2,0,0.30473713137646047,0.30473713137646047,0.30473713137646047,0.30473713137646047,0.30473713137646047,0.30473713137646047,0.0,1.0
1,1484,4,1,3,0.44135933427443963,0.23460976528588254,0.23349873548871247,0.09595309179276258,0.44135933427443963,0.44135933427443963,0.2067495689885571,0.25
1,1496,1,1,0,0.432497415769514,0.43249741576951384,0.432497415769514,0.432497415769514,0.432497415769514,0.432497415769514,1.6653345369377348e-16,1.0
1,1509,4,2,2,0.4071861086920051,0.29730851656872886,0.3053235992788977,0.14344898152014354,0.4071861086920051,0.4071861086920051,0.10987759212327625,0.146
1,1510,1,1,0,0.4418222716720154,0.4418222716720155,0.4418222716720154,0.4418222716720154,0.4418222716720154,0.4418222716720154,-1.1102230246251565e-16,1.0
1,1530,1,1,0,0.3423084974576157,0.34230849745761566,0.3423084974576157,0.3423084974576157,0.3423084974576157,0.3423084974576157,5.551115123125783e-17,1.0
1,1534,1,1,0,0.2404643725031998,0.24046437250319974,0.2404643725031998,0.2404643725031998,0.2404643725031998,0.2404643725031998,5.551115123125783e-17,1.0
1,1535,1,1,0,0.37443768358987484,0.37443768358987484,0.37443768358987484,0.37443768358987484,0.37443768358987484,0.37443768358987484,0.0,1.0
1,1539,1,1,0,0.14967224495585524,0.14967224495585524,0.14967224495585524,0.14967224495585524,0.14967224495585524,0.14967224495585524,0.0,1.0
1,1560,4,2,2,0.3737169657793553,0.21762646699140825,0.08979154675578502,0.004296941474476123,0.39528696179565914,0.39528696179565914,0.15609049878794706,0.334
1,1577,1,1,0,0.054011742180093435,0.05401174218009342,0.054011742180093435,0.054011742180093435,0.054011742180093435,0.054011742180093435,1.3877787807814457e-17,1.0
1,1593,5,4,1,0.22110747969992542,0.2463401000596481,0.260672806028467,0.21353949599219507,0.2703929519005215,0.2703929519005215,-0.02523262035972268,0.784
1,1608,1,1,0,0.020111764409718128,0.02011176440971813,0.020111764409718128,0.020111764409718128,0.020111764409718128,0.020111764409718128,-3.469446951953614e-18,1.0
1,1610,1,1,0,0.26023668997642063,0.26023668997642074,0.26023668997642063,0.26023668997642063,0.26023668997642063,0.26023668997642063,-1.1102230246251565e-16,1.0
1,1621,3,3,0,0.29396079711689066,0.2939607971168906,0.2939607971168906,0.2939607971168906,0.29396079711689066,0.29396079711689066,5.551115123125783e-17,0.329
1,1651,1,1,0,0.5351332988572214,0.5351332988572215,0.5351332988572214,0.5351332988572214,0.5351332988572214,0.5351332988572214,-1.1102230246251565e-16,1.0
1,1671,5,2,3,0.3137005897860266,0.16630533753901822,0.1184048635095487,0.015771556858506446,0.36248168903377626,0.36248168903377626,0.1473952522470084,0.288
1,1679,3,3,0,0.38500169670133866,0.38500169670133855,0.38500169670133866,0.38500169670133866,0.38500169670133866,0.38500169670133866,1.1102230246251565e-16,1.0
1,1688,1,1,0,0.44978846746509793,0.4497884674650978,0.44978846746509793,0.44978846746509793,0.44978846746509793,0.44978846746509793,1.1102230246251565e-16,1.0
1,1703,2,1,1,0.3567048248262863,0.2755658427683497,0.3567048248262863,0.1880167124397238,0.3567048248262863,0.3567048248262863,0.08113898205793657,0.519
1,1715,1,1,0,0.0428927784053261,0.04289277840532611,0.0428927784053261,0.0428927784053261,0.0428927784053261,0.0428927784053261,-1.3877787807814457e-17,1.0
1,1716,3,2,1,0.6594473817575464,0.5719889010232323,0.5553086582270673,0.5099129928461017,0.6594473817575464,0.6594473817575464,0.08745848073431406,0.311
1,1728,5,3,2,0.14925865435577695,0.14998730773886595,0.14925865435577695,0.037815048794837866,0.26249833677885603,0.26249833677885603,-0.0007286533830890007,0.501
1,1730,3,2,1,0.2075328846315593,0.1553441875066007,0.13329592616122465,0.12308798399557444,0.2075328846315593,0.2075328846315593,0.052188697124958605,0.341
1,1747,2,2,0,0.1435181649447344,0.1435181649447344,0.1435181649447344,0.1435181649447344,0.1435181649447344,0.1435181649447344,0.0,1.0
1,1760,1,1,0,0.3765818728750505,0.3765818728750504,0.3765818728750505,0.3765818728750505,0.3765818728750505,0.3765818728750505,1.1102230246251565e-16,1.0
1,1763,2,2,0,0.14005447132010465,0.14005447132010465,0.14005447132010465,0.14005447132010465,0.14005447132010465,0.14005447132010465,0.0,1.0
1,1766,3,2,1,0.5424783623874728,0.4786617240432472,0.5424783623874728,0.312665501683625,0.6093726396640337,0.6093726396640337,0.06381663834422563,0.628
1,1777,1,1,0,0.04610078599888273,0.04610078599888271,0.04610078599888273,0.04610078599888273,0.04610078599888273,0.04610078599888273,2.0816681711721685e-17,1.0
1,1781,1,1,0,0.11170114403416649,0.11170114403416646,0.11170114403416649,0.11170114403416649,0.11170114403416649,0.11170114403416649,2.7755575615628914e-17,1.0
1,1801,1,1,0,0.4681575245370753,0.4681575245370755,0.4681575245370753,0.4681575245370753,0.4681575245370753,0.4681575245370753,-1.6653345369377348e-16,1.0
1,1806,5,5,0,0.48547944852820296,0.48547944852820285,0.485479448528203,0.48547944852820296,0.485479448528203,0.4854794485282031,1.1102230246251565e-16,1.0
1,1811,1,1,0,0.47727079957613266,0.4772707995761325,0.47727079957613266,0.47727079957613266,0.47727079957613266,0.47727079957613266,1.6653345369377348e-16,1.0
1,1812,1,1,0,0.22153013806571867,0.22153013806571875,0.22153013806571867,0.22153013806571867,0.22153013806571867,0.22153013806571867,-8.326672684688674e-17,1.0
1,1813,2,2,0,0.13773025456043325,0.13773025456043328,0.13773025456043325,0.13773025456043325,0.13773025456043325,0.13773025456043325,-2.7755575615628914e-17,1.0
1,1814,1,1,0,0.1634115175455194,0.16341151754551936,0.1634115175455194,0.1634115175455194,0.1634115175455194,0.1634115175455194,5.551115123125783e-17,1.0
1,1820,19,4,15,0.4529956986729898,0.27545428152801754,0.27950100253244653,0.11227192011519165,0.42931063072678644,0.48035569303063147,0.17754141714497224,0.014
1,1821,2,1,1,0.23708308321261415,0.29659461928210606,0.3540016216595531,0.23708308321261415,0.3540016216595531,0.3540016216595531,-0.059511536069491916,1.0
1,1822,3,2,1,0.13524727926919605,0.1372843741695471,0.13524727926919605,0.09325566015756724,0.18457938309923122,0.18457938309923122,-0.0020370949003510608,0.662
1,1830,1,1,0,0.3865498524926564,0.38654985249265644,0.3865498524926564,0.3865498524926564,0.3865498524926564,0.3865498524926564,-5.551115123125783e-17,1.0
1,1831,1,1,0,0.3950085210912735,0.39500852109127355,0.3950085210912735,0.3950085210912735,0.3950085210912735,0.3950085210912735,-5.551115123125783e-17,1.0
1,1840,2,2,0,0.35626724604898213,0.356267246048982,0.35626724604898213,0.35626724604898213,0.35626724604898213,0.35626724604898213,1.1102230246251565e-16,1.0
1,1848,1,1,0,0.5327826645178471,0.5327826645178471,0.5327826645178471,0.5327826645178471,0.5327826645178471,0.5327826645178471,0.0,1.0
1,1870,2,1,1,0.24021965708075693,0.3127326029407961,0.24021965708075693,0.24021965708075693,0.3855361818503745,0.3855361818503745,-0.07251294586003915,1.0
1,1872,2,2,0,0.35547877237995334,0.35547877237995346,0.35547877237995334,0.35547877237995334,0.35547877237995334,0.35547877237995334,-1.1102230246251565e-16,1.0
1,1898,3,3,0,0.5679918988080807,0.5679918988080805,0.5679918988080807,0.5679918988080807,0.5679918988080808,0.5679918988080808,1.1102230246251565e-16,1.0
1,1912,1,1,0,0.42494431570223373,0.4249443157022339,0.42494431570223373,0.42494431570223373,0.42494431570223373,0.42494431570223373,-1.6653345369377348e-16,1.0
1,1913,1,1,0,0.07020397152437916,0.07020397152437917,0.07020397152437916,0.07020397152437916,0.07020397152437916,0.07020397152437916,-1.3877787807814457e-17,1.0
1,1928,1,1,0,0.204780577025866,0.20478057702586602,0.204780577025866,0.204780577025866,0.204780577025866,0.204780577025866,-2.7755575615628914e-17,1.0
1,1932,1,1,0,-0.002797278515537754,-0.002797278515537754,-0.002797278515537754,-0.002797278515537754,-0.002797278515537754,-0.002797278515537754,0.0,1.0
1,1945,26,5,21,0.6467516937937423,0.38494958483175706,0.3769210203969018,0.18396184339305324,0.603307963185397,0.6624228083519412,0.26180210896198525,0.017
1,1950,2,2,0,0.4529354929344902,0.45293549293449,0.4529354929344902,0.4529354929344902,0.4529354929344902,0.4529354929344902,2.220446049250313e-16,1.0
1,1954,17,6,11,0.68566039136166,0.5609803592069139,0.5796606173564769,0.44305448212669185,0.6699668037656872,0.7034495356946983,0.1246800321547461,0.011
1,1988,4,2,2,0.29702412843762477,0.21978174606944167,0.20712128765442764,0.10615345622856391,0.3526310870905534,0.3526310870905534,0.0772423823681831,0.301
1,1993,2,1,1,0.54599304069095,0.3465936263373967,0.15956006713755197,0.15956006713755197,0.54599304069095,0.54599304069095,0.1993994143535533,0.484
1,1996,3,3,0,0.3341847241893294,0.3341847241893294,0.3341847241893294,0.3341847241893294,0.3341847241893294,0.3341847241893294,0.0,1.0
1,1998,5,1,4,0.3680710076571818,0.2027233785989244,0.15266865140674102,0.1000554447780478,0.3680710076571818,0.3680710076571818,0.16534762905825742,0.218
1,2000,2,1,1,0.5665976489682452,0.5629143264129807,0.5665976489682452,0.5591264064626377,0.5665976489682452,0.5665976489682452,0.00368332255526449,0.507
1,2003,2,2,0,0.3263321141062813,0.3263321141062813,0.3263321141062813,0.3263321141062813,0.3263321141062813,0.3263321141062813,0.0,1.0
1,2004,1,1,0,0.46177836195662264,0.46177836195662264,0.46177836195662264,0.46177836195662264,0.46177836195662264,0.46177836195662264,0.0,1.0
1,2006,3,3,0,0.4137316214138294,0.4137316214138293,0.4137316214138294,0.4137316214138294,0.4137316214138294,0.4137316214138294,1.1102230246251565e-16,1.0
1,2013,3,2,1,0.350446276745604,0.3250163493959019,0.350446276745604,0.16199205694653918,0.4468722636634348,0.4468722636634348,0.02542992734970212,0.687
1,2014,1,1,0,0.3955201295594744,0.3955201295594745,0.3955201295594744,0.3955201295594744,0.3955201295594744,0.3955201295594744,-1.1102230246251565e-16,1.0
1,2017,3,2,1,0.17246260904031038,0.10974204349528675,0.12617130484575648,0.047672323968051544,0.17246260904031038,0.17246260904031038,0.06272056554502363,0.281
1,2019,3,2,1,0.23056738608141575,0.20663342740267676,0.23056738608141575,0.13868971797637225,0.25253243443348034,0.25253243443348034,0.023933958678738987,0.663
1,2022,1,1,0,0.30854362992884826,0.3085436299288483,0.30854362992884826,0.30854362992884826,0.30854362992884826,0.30854362992884826,-5.551115123125783e-17,1.0
1,2026,1,1,0,0.41351855427193995,0.4135185542719401,0.41351855427193995,0.41351855427193995,0.41351855427193995,0.41351855427193995,-1.6653345369377348e-16,1.0
1,2028,1,1,0,0.36548607202326766,0.3654860720232677,0.36548607202326766,0.36548607202326766,0.36548607202326766,0.36548607202326766,-5.551115123125783e-17,1.0
1,2031,3,2,1,0.31016496128754245,0.30667185527982865,0.31016496128754245,0.22899163818190207,0.3880426260924209,0.3880426260924209,0.0034931060077137976,0.649
1,2039,1,1,0,0.42500572232657674,0.4250057223265768,0.42500572232657674,0.42500572232657674,0.42500572232657674,0.42500572232657674,-5.551115123125783e-17,1.0
1,2046,2,1,1,0.43839709488618445,0.3805090987682342,0.43839709488618445,0.3197741520215323,0.43839709488618445,0.43839709488618445,0.05788799611795026,0.512
1,2047,3,2,1,0.28102828118381756,0.28798106735843837,0.28102828118381756,0.22282646528135944,0.36470837457773686,0.36470837457773686,-0.006952786174620806,0.645
1,2052,1,1,0,0.5702247153721333,0.5702247153721334,0.5702247153721333,0.5702247153721333,0.5702247153721333,0.5702247153721333,-1.1102230246251565e-16,1.0
1,2067,4,4,0,0.4834021484210909,0.4834021484210911,0.4834021484210909,0.4834021484210909,0.48340214842109097,0.48340214842109097,-1.6653345369377348e-16,1.0
1,2068,3,1,2,0.5307312086951731,0.37520076322074614,0.5254101541259661,0.06894593101772942,0.5307312086951731,0.5307312086951731,0.15553044547442696,0.337
1,2070,1,1,0,0.24837729561473323,0.24837729561473323,0.24837729561473323,0.24837729561473323,0.24837729561473323,0.24837729561473323,0.0,1.0
1,2072,1,1,0,0.14141575719200436,0.14141575719200433,0.14141575719200436,0.14141575719200436,0.14141575719200436,0.14141575719200436,2.7755575615628914e-17,1.0
1,2089,2,2,0,0.11641788238168563,0.11641788238168564,0.11641788238168563,0.11641788238168563,0.11641788238168563,0.11641788238168563,-1.3877787807814457e-17,1.0
1,2093,1,1,0,0.08491907641403074,0.08491907641403076,0.08491907641403074,0.08491907641403074,0.08491907641403074,0.08491907641403074,-2.7755575615628914e-17,1.0
1,2123,3,2,1,0.3080298419346157,0.2737052595120463,0.2776726932258055,0.23649441001325588,0.3080298419346157,0.3080298419346157,0.034324582422569416,0.34
1,2131,10,4,6,0.3962768198750332,0.37713350642896826,0.3813878632770504,0.3370762711384301,0.4008922136408099,0.40889751227236815,0.019143313446064958,0.132
1,2152,1,1,0,0.23970294774740622,0.23970294774740622,0.23970294774740622,0.23970294774740622,0.23970294774740622,0.23970294774740622,0.0,1.0
1,2155,1,1,0,0.3620833225153949,0.362083322515395,0.3620833225153949,0.3620833225153949,0.3620833225153949,0.3620833225153949,-1.1102230246251565e-16,1.0
1,2180,22,3,19,0.029411268374137996,0.22866501198843678,0.23843142998778197,0.10313024876520044,0.32282661778555705,0.38120247372752697,-0.1992537436142988,0.993
1,2182,1,1,0,0.12461591674117235,0.1246159167411724,0.12461591674117235,0.12461591674117235,0.12461591674117235,0.12461591674117235,-4.163336342344337e-17,1.0
1,2193,6,4,2,0.18023769052380917,0.18143340909453776,0.18023769052380914,0.12738870328877977,0.24352653503920307,0.24352653503920316,-0.0011957185707285878,0.491
1,2201,6,3,3,0.21128595977790196,0.33559705136698165,0.36674876500756665,0.21128595977790193,0.4308007409093645,0.4322062785283373,-0.12431109158907969,0.937
1,2203,1,1,0,0.43317833245958526,0.4331783324595851,0.43317833245958526,0.43317833245958526,0.43317833245958526,0.43317833245958526,1.6653345369377348e-16,1.0
1,2209,2,2,0,0.32482604657316533,0.3248260465731653,0.32482604657316533,0.32482604657316533,0.32482604657316533,0.32482604657316533,5.551115123125783e-17,1.0
1,2217,2,2,0,0.46359981036205894,0.4635998103620589,0.46359981036205894,0.46359981036205894,0.46359981036205894,0.46359981036205894,5.551115123125783e-17,1.0
1,2222,3,2,1,0.1475365815990603,0.10472958394753952,0.09940314391896721,0.06740956649789032,0.1475365815990603,0.1475365815990603,0.04280699765152078,0.332
1,2223,2,2,0,0.16840511184743326,0.16840511184743331,0.16840511184743326,0.16840511184743326,0.16840511184743326,0.16840511184743326,-5.551115123125783e-17,1.0
1,2228,12,7,5,0.6325671009196386,0.6281511424416512,0.6301409933917352,0.5894971705637769,0.6612419552397666,0.6800853997905307,0.0044159584779874805,0.468
1,2231,1,1,0,0.6268725606184655,0.6268725606184657,0.6268725606184655,0.6268725606184655,0.6268725606184655,0.6268725606184655,-2.220446049250313e-16,1.0
1,2238,1,1,0,0.018080717247468035,0.01808071724746804,0.018080717247468035,0.018080717247468035,0.018080717247468035,0.018080717247468035,-3.469446951953614e-18,1.0
1,2248,1,1,0,0.25243726426021906,0.25243726426021906,0.25243726426021906,0.25243726426021906,0.25243726426021906,0.25243726426021906,0.0,1.0
1,2249,3,2,1,0.027108995934971385,0.07799375504065602,0.05533462152466671,0.027108995934971385,0.15012174090965502,0.15012174090965502,-0.05088475910568463,1.0
1,2252,3,2,1,0.20014856179028973,0.18181369902201402,0.19878303507887474,0.14399899294573307,0.20014856179028973,0.20014856179028973,0.0183348627682757,0.331
1,2254,3,2,1,0.27217612035444644,0.19199700672153283,0.17158345207067727,0.14023671534587606,0.27217612035444644,0.27217612035444644,0.0801791136329136,0.312
1,2256,3,2,1,0.2607502054212609,0.2083155755630212,0.20501993409704,0.1568662220121024,0.2607502054212609,0.2607502054212609,0.05243462985823974,0.346
1,2258,1,1,0,0.0737195887037417,0.07371958870374172,0.0737195887037417,0.0737195887037417,0.0737195887037417,0.0737195887037417,-1.3877787807814457e-17,1.0
1,2259,3,2,1,0.26737438701724336,0.23320428933007814,0.26737438701724336,0.030050006911970135,0.40279447213250386,0.40279447213250386,0.034170097687165224,0.67
1,2276,1,1,0,0.09633193096995757,0.09633193096995754,0.09633193096995757,0.09633193096995757,0.09633193096995757,0.09633193096995757,2.7755575615628914e-17,1.0
1,2282,4,3,1,0.22386435422396475,0.20895831501822287,0.21983319577849167,0.14188373886959305,0.2470903002494952,0.2470903002494952,0.014906039205741878,0.405
1,2284,2,2,0,0.2406497963840474,0.2406497963840475,0.2406497963840474,0.2406497963840474,0.2406497963840474,0.2406497963840474,-8.326672684688674e-17,1.0
1,2288,2,2,0,0.33164059087919856,0.3316405908791985,0.33164059087919856,0.33164059087919856,0.33164059087919856,0.33164059087919856,5.551115123125783e-17,1.0
1,2297,3,2,1,0.10026841626402869,0.11399581082635583,0.11370698799904988,0.10026841626402869,0.12760383009002288,0.12760383009002288,-0.013727394562327147,1.0
1,2307,4,2,2,0.6305564577845295,0.4459078572372033,0.4879840575552197,0.24559866604727662,0.6305564577845295,0.6305564577845295,0.18464860054732624,0.176
1,2310,1,1,0,0.083065065729001,0.083065065729001,0.083065065729001,0.083065065729001,0.083065065729001,0.083065065729001,0.0,1.0
1,2314,2,2,0,0.2989653737902058,0.2989653737902058,0.2989653737902058,0.2989653737902058,0.2989653737902058,0.2989653737902058,0.0,1.0
1,2316,2,2,0,0.3347267108357244,0.3347267108357244,0.3347267108357244,0.3347267108357244,0.3347267108357244,0.3347267108357244,0.0,1.0
1,2319,4,3,1,0.21847763430157852,0.19711941700563582,0.19239213186722495,0.17351876876609454,0.21847763430157852,0.21847763430157852,0.0213582172959427,0.248
1,2322,3,3,0,0.12688791042750802,0.12688791042750802,0.12688791042750802,0.12688791042750802,0.12688791042750802,0.12688791042750802,0.0,1.0
1,2326,3,3,0,0.3251248832854585,0.32512488328545863,0.3251248832854585,0.3251248832854585,0.3251248832854586,0.3251248832854586,-1.1102230246251565e-16,1.0
1,2338,1,1,0,0.0909058672162532,0.0909058672162532,0.0909058672162532,0.0909058672162532,0.0909058672162532,0.0909058672162532,0.0,1.0
1,2342,1,1,0,0.46575127784665526,0.4657512778466551,0.46575127784665526,0.46575127784665526,0.46575127784665526,0.46575127784665526,1.6653345369377348e-16,1.0
1,2344,4,3,1,0.21692999868957158,0.23159149226513928,0.21692999868957158,0.21685234004537965,0.2505450019788761,0.2505450019788761,-0.014661493575567702,0.566
1,2346,3,3,0,0.07339772335909342,0.07339772335909343,0.07339772335909342,0.07339772335909342,0.07339772335909343,0.07339772335909343,-1.3877787807814457e-17,1.0
1,2347,3,3,0,0.4957941341426264,0.49579413414262635,0.4957941341426264,0.4957941341426264,0.4957941341426265,0.4957941341426265,5.551115123125783e-17,1.0
1,2348,5,3,2,0.36284357653660704,0.26162333898749535,0.3310918274645561,0.10738112369060504,0.36947502172819907,0.36947502172819907,0.10122023754911169,0.212
1,2350,3,2,1,0.20451424203194438,0.3596015741685449,0.4252978255357287,0.20451424203194438,0.4369971388116253,0.4369971388116253,-0.1550873321366005,1.0
1,2352,7,5,2,0.6215234949797552,0.5764544342112449,0.5857156882190874,0.4491033847799821,0.6559305658713672,0.6633165735929931,0.04506906076851036,0.289
1,2353,1,1,0,0.1521389120322634,0.15213891203226343,0.1521389120322634,0.1521389120322634,0.1521389120322634,0.1521389120322634,-2.7755575615628914e-17,1.0
1,2354,3,2,1,0.16418614084029162,0.17134316433568086,0.16418614084029162,0.148920021978001,0.2049847205842829,0.2049847205842829,-0.007157023495389242,0.635
1,2358,7,3,4,0.26444436835340535,0.2743939994839465,0.2960068461996991,0.16139530441228775,0.36707151961733114,0.3751978975820389,-0.009949631130541148,0.59
1,2359,1,1,0,0.618589591781171,0.6185895917811709,0.618589591781171,0.618589591781171,0.618589591781171,0.618589591781171,1.1102230246251565e-16,1.0
1,2362,3,2,1,-0.008468586086367181,0.02938493799917243,0.04937168562765944,-0.008468586086367181,0.04962803625848583,0.04962803625848583,-0.03785352408553961,1.0
1,2363,3,3,0,0.36405418537694734,0.36405418537694734,0.36405418537694734,0.36405418537694734,0.36405418537694734,0.36405418537694734,0.0,1.0
1,2367,1,1,0,0.3759643622199313,0.37596436221993124,0.3759643622199313,0.3759643622199313,0.3759643622199313,0.3759643622199313,5.551115123125783e-17,1.0
1,2371,2,2,0,0.5881457595952273,0.5881457595952272,0.5881457595952273,0.5881457595952273,0.5881457595952273,0.5881457595952273,1.1102230246251565e-16,1.0
1,2373,4,3,1,0.5769514539476411,0.5253151342476677,0.5481007669503748,0.4340749212939715,0.5769514539476411,0.5769514539476411,0.0516363196999734,0.231
1,2374,3,2,1,0.29094019588750464,0.2674069688461918,0.26092452427899826,0.2518653690515934,0.29094019588750464,0.29094019588750464,0.023533227041312832,0.321
1,2378,5,4,1,0.452421063430861,0.3862053495029046,0.38874478994394185,0.257350431072377,0.47303395555029676,0.4730339555502968,0.06621571392795644,0.381
1,2393,1,1,0,0.3426872858333363,0.3426872858333363,0.3426872858333363,0.3426872858333363,0.3426872858333363,0.3426872858333363,0.0,1.0
1,2394,6,5,1,0.5182608664804627,0.4917893263994027,0.4933672603059853,0.4420304194745202,0.5287355552496791,0.5287355552496792,0.026471540081059952,0.351
1,2395,6,5,1,0.5476041755901923,0.541900812735604,0.5308364997095681,0.5026641775499189,0.5816888344618076,0.5816888344618077,0.005703362854588279,0.469
1,2396,1,1,0,0.3987663328469562,0.3987663328469563,0.3987663328469562,0.3987663328469562,0.3987663328469562,0.3987663328469562,-1.1102230246251565e-16,1.0
1,2397,3,2,1,0.2535762338602511,0.2046421244895295,0.2535762338602511,0.06611467002242698,0.2850637762166096,0.2850637762166096,0.04893410937072157,0.679
1,2398,1,1,0,0.07902858396104377,0.07902858396104379,0.07902858396104377,0.07902858396104377,0.07902858396104377,0.07902858396104377,-1.3877787807814457e-17,1.0
1,2399,15,9,6,0.24310501580731797,0.3468985535823673,0.3478254933209227,0.2927195339235549,0.39736664360135776,0.41637717741251457,-0.10379353777504935,0.998
1,2409,2,2,0,0.495485583903016,0.49548558390301606,0.495485583903016,0.495485583903016,0.495485583903016,0.495485583903016,-5.551115123125783e-17,1.0
1,2412,3,2,1,0.5195322845660698,0.4259757397715622,0.5195322845660698,0.2490441068852237,0.5246729483833064,0.5246729483833064,0.09355654479450759,0.648
1,2414,8,6,2,0.3976549467724575,0.3679790304478419,0.3936675003401497,0.26333054220069996,0.44914778849919546,0.44967616940690436,0.02967591632461558,0.44
1,2416,13,4,9,0.4978195540451732,0.30713527003901697,0.37083289844422623,0.13040994959008947,0.5017509558051577,0.5419445533817605,0.19068428400615622,0.056
1,2430,3,2,1,0.20397909252237192,0.14441392417444898,0.1152304630709461,0.11518508696692097,0.20397909252237192,0.20397909252237192,0.05956516834792294,0.329
1,2436,13,8,5,0.4085497821774544,0.41009232127954315,0.41890720503403334,0.24629601633568546,0.5425542333935034,0.5822462381903112,-0.0015425391020887358,0.554
1,2450,3,2,1,0.41936733882025445,0.3452908870651398,0.3611972064599284,0.249561214463798,0.41936733882025445,0.41936733882025445,0.07407645175511468,0.333
1,2467,1,1,0,0.32211868465298016,0.32211868465298016,0.32211868465298016,0.32211868465298016,0.32211868465298016,0.32211868465298016,0.0,1.0
1,2475,1,1,0,0.03417763471767679,0.034177634717676784,0.03417763471767679,0.03417763471767679,0.03417763471767679,0.03417763471767679,6.938893903907228e-18,1.0
1,2490,5,3,2,0.36794128081153216,0.37057362225329504,0.36794128081153216,0.3133370103991175,0.43975320937162904,0.4397532093716291,-0.0026323414417628865,0.615
1,2502,1,1,0,0.27562793889728243,0.27562793889728254,0.27562793889728243,0.27562793889728243,0.27562793889728243,0.27562793889728243,-1.1102230246251565e-16,1.0
1,2527,3,2,1,0.21660414109268,0.20226302869821927,0.20985133259347818,0.1808964391693327,0.21660414109268,0.21660414109268,0.014341112394460731,0.347
1,2529,2,1,1,0.07245398885319866,0.08105727840978662,0.08945653738400489,0.07245398885319866,0.08945653738400489,0.08945653738400489,-0.008603289556587956,1.0
1,2530,2,2,0,0.08236961329300148,0.08236961329300148,0.08236961329300148,0.08236961329300148,0.08236961329300148,0.08236961329300148,0.0,1.0
1,2558,3,2,1,0.11503918421700134,0.3379770828228052,0.4357462156698524,0.11503918421700134,0.46715637202554644,0.46715637202554644,-0.22293789860580387,1.0
1,2570,10,4,6,0.46343824501698605,0.32441342298379955,0.3311359745352706,0.14897854904411945,0.45501684752594274,0.4923773745814053,0.1390248220331865,0.018
1,2577,1,1,0,0.3786111298448193,0.37861112984481937,0.3786111298448193,0.3786111298448193,0.3786111298448193,0.3786111298448193,-5.551115123125783e-17,1.0
1,2580,2,2,0,0.22235013580174848,0.22235013580174853,0.22235013580174848,0.22235013580174848,0.22235013580174848,0.22235013580174848,-5.551115123125783e-17,1.0
1,2581,2,1,1,0.13672926415864015,0.11742614645296257,0.13672926415864015,0.09668130211366589,0.13672926415864015,0.13672926415864015,0.01930311770567758,0.518
1,2582,2,2,0,0.5249125536535988,0.5249125536535989,0.5249125536535988,0.5249125536535988,0.5249125536535988,0.5249125536535988,-1.1102230246251565e-16,1.0
1,2591,2,2,0,0.1504325754795093,0.15043257547950933,0.1504325754795093,0.1504325754795093,0.1504325754795093,0.1504325754795093,-2.7755575615628914e-17,1.0
1,2593,7,2,5,0.5170257398721481,0.343380248003283,0.4227328922023191,0.1803587200244793,0.4779204382558319,0.5170257398721481,0.17364549186886508,0.048
1,2603,1,1,0,0.5718361459212536,0.5718361459212536,0.5718361459212536,0.5718361459212536,0.5718361459212536,0.5718361459212536,0.0,1.0
1,2606,3,2,1,0.3494909765675713,0.27702951806615034,0.3494909765675713,0.1037681080656816,0.38019439697855634,0.38019439697855634,0.07246145850142094,0.664
1,2607,6,3,3,0.4113425099273653,0.2463461867566565,0.2553009159128354,0.05055944406489908,0.4950547091129421,0.4950547091129421,0.1649963231707088,0.165
1,2622,4,2,2,-0.013398379324295911,0.07307640187799305,0.039670496707480754,-0.013398379324295911,0.17941958774548605,0.17941958774548605,-0.08647478120228896,1.0
1,2624,67,54,13,0.2672472107486451,0.3155405550283758,0.3171702478101034,0.29179778364401177,0.3344594599773766,0.346892769500763,-0.0482933442797307,0.999
1,2629,3,2,1,0.4148096578695728,0.3281507723068893,0.35049610511295143,0.2329522608232695,0.4148096578695728,0.4148096578695728,0.08665888556268347,0.316
1,2630,1,1,0,0.24781553274011348,0.2478155327401135,0.24781553274011348,0.24781553274011348,0.24781553274011348,0.24781553274011348,-2.7755575615628914e-17,1.0
1,2635,5,3,2,0.22416030470479276,0.22026066125302013,0.22416030470479276,0.07931272346494438,0.3265930832590004,0.32659308325900044,0.0038996434517726275,0.588
1,2636,6,3,3,0.5307138656346975,0.38340095953677145,0.4123705611123915,0.23181662165425687,0.4932668359568625,0.5307138656346975,0.14731290609792602,0.041
1,2665,3,2,1,0.33786060644050336,0.315293868300477,0.31585365993590664,0.2929744176278456,0.33786060644050336,0.33786060644050336,0.022566738140026354,0.327
1,2668,1,1,0,0.49475350379131394,0.49475350379131383,0.49475350379131394,0.49475350379131394,0.49475350379131394,0.49475350379131394,1.1102230246251565e-16,1.0
1,2676,103,30,73,0.48765245477430197,0.47884801723929654,0.4792546023898397,0.4513475963055566,0.5044361309149614,0.5178099352897333,0.008804437535005427,0.305
1,2685,7,4,3,0.1847353664734664,0.39375200790004483,0.3981491948405352,0.2610535866234122,0.490592619907947,0.4907015602122517,-0.20901664142657844,0.997
1,2691,4,3,1,0.42605204447482903,0.36608516285090414,0.4187427953025259,0.20658808374299417,0.4276287996600296,0.4276287996600296,0.059966881623924884,0.5
1,2693,6,3,3,0.318716447736388,0.22266501824768947,0.21783030261818787,0.09191452981972827,0.35695633033709734,0.36744721982009126,0.09605142948869855,0.191
1,2694,1,1,0,0.26480318013989196,0.264803180139892,0.26480318013989196,0.26480318013989196,0.26480318013989196,0.26480318013989196,-5.551115123125783e-17,1.0
1,2695,3,3,0,0.2009339021782537,0.20093390217825374,0.2009339021782537,0.2009339021782537,0.2009339021782537,0.2009339021782537,-5.551115123125783e-17,1.0
1,2699,21,7,14,0.4254346498550729,0.43424600168773797,0.4369347428579108,0.3823041371248948,0.47838124562682255,0.5146143981125081,-0.00881135183266507,0.632
1,2707,2,2,0,0.5194150920292568,0.5194150920292567,0.5194150920292568,0.5194150920292568,0.5194150920292568,0.5194150920292568,1.1102230246251565e-16,1.0
1,2709,25,5,20,0.4222586289722125,0.3766646964372245,0.3750541739206148,0.26331886023629,0.4953331787084933,0.5657426338869387,0.045593932534988,0.273
1,2711,2,2,0,0.244514205151856,0.24451420515185604,0.244514205151856,0.244514205151856,0.244514205151856,0.244514205151856,-2.7755575615628914e-17,1.0
1,2724,4,3,1,0.48869812023833004,0.38504172393488734,0.4560806855027313,0.26810779114992583,0.48869812023833004,0.48869812023833004,0.1036563963034427,0.256
1,2730,3,2,1,0.002306139747941867,0.04273711717897129,0.06429961176610963,0.002306139747941867,0.06824630929149572,0.06824630929149572,-0.04043097743102942,1.0
1,2737,1,1,0,0.06608476053321326,0.06608476053321324,0.06608476053321326,0.06608476053321326,0.06608476053321326,0.06608476053321326,1.3877787807814457e-17,1.0
1,2738,2,2,0,0.3607380903471707,0.3607380903471708,0.3607380903471707,0.3607380903471707,0.3607380903471707,0.3607380903471707,-1.1102230246251565e-16,1.0
1,2739,2,2,0,0.03766218562467446,0.03766218562467446,0.03766218562467446,0.03766218562467446,0.03766218562467446,0.03766218562467446,0.0,1.0
1,2746,1,1,0,0.17327352231274343,0.17327352231274343,0.17327352231274343,0.17327352231274343,0.17327352231274343,0.17327352231274343,0.0,1.0
1,2748,2,2,0,0.2951327169408082,0.2951327169408082,0.2951327169408082,0.2951327169408082,0.2951327169408082,0.2951327169408082,0.0,1.0
1,2752,1,1,0,0.040971264245513075,0.04097126424551307,0.040971264245513075,0.040971264245513075,0.040971264245513075,0.040971264245513075,6.938893903907228e-18,1.0
1,2765,3,2,1,0.4992109505501566,0.4340150669067253,0.4389004454106859,0.3488498374346371,0.4992109505501566,0.4992109505501566,0.06519588364343126,0.352
1,2784,6,4,2,0.7048968253429104,0.604537397805713,0.6032506344801692,0.48346857248609115,0.7048968253429104,0.7048968253429105,0.1003594275371974,0.063
1,2789,2,2,0,0.44726383582467605,0.4472638358246759,0.44726383582467605,0.44726383582467605,0.44726383582467605,0.44726383582467605,1.6653345369377348e-16,1.0
1,2804,3,2,1,0.17672855478464608,0.1539828733311487,0.15338856890128966,0.13244436313120278,0.17672855478464608,0.17672855478464608,0.02274568145349737,0.318
1,2825,3,2,1,0.3424256126263264,0.3115624336243367,0.3424256126263264,0.14261647777554362,0.46625197801545354,0.46625197801545354,0.030863179001989705,0.659
1,2827,1,1,0,0.4566874566412334,0.45668745664123356,0.4566874566412334,0.4566874566412334,0.4566874566412334,0.4566874566412334,-1.6653345369377348e-16,1.0
1,2828,1,1,0,0.6318573340559952,0.6318573340559952,0.6318573340559952,0.6318573340559952,0.6318573340559952,0.6318573340559952,0.0,1.0
1,2842,1,1,0,0.4209995406608066,0.4209995406608067,0.4209995406608066,0.4209995406608066,0.4209995406608066,0.4209995406608066,-1.1102230246251565e-16,1.0
1,2848,1,1,0,0.19674537155515961,0.1967453715551596,0.19674537155515961,0.19674537155515961,0.19674537155515961,0.19674537155515961,2.7755575615628914e-17,1.0
1,2854,2,1,1,0.21823845638847697,0.3351617341899554,0.21823845638847697,0.21823845638847697,0.4549252535574617,0.4549252535574617,-0.1169232778014784,1.0
1,2898,3,1,2,0.566653017250103,0.2527580735760933,0.1397740765877468,0.06579209823614736,0.566653017250103,0.566653017250103,0.31389494367400966,0.321
1,2914,1,1,0,0.4697509863092173,0.4697509863092171,0.4697509863092173,0.4697509863092173,0.4697509863092173,0.4697509863092173,2.220446049250313e-16,1.0
1,2928,3,2,1,0.30902145295984557,0.26815219286930764,0.2598838485775955,0.2299819545180808,0.30902145295984557,0.30902145295984557,0.04086926009053793,0.363
1,2934,3,2,1,0.33912534746324285,0.20752902426643488,0.24965930600920988,0.040406062204672355,0.33912534746324285,0.33912534746324285,0.13159632319680797,0.329
1,2936,3,2,1,0.41684800911201575,0.38066454780574566,0.4132908253708973,0.30202421850935623,0.41684800911201575,0.41684800911201575,0.03618346130627009,0.337
1,2939,3,2,1,0.4978306742472109,0.4046938304070842,0.47066763976466575,0.2600735836101438,0.4978306742472109,0.4978306742472109,0.09313684384012672,0.339
1,2940,1,1,0,0.22804789554531268,0.22804789554531268,0.22804789554531268,0.22804789554531268,0.22804789554531268,0.22804789554531268,0.0,1.0
1,2957,3,2,1,0.3749541465237003,0.3272359733221826,0.3692987701718095,0.23306783847420742,0.3749541465237003,0.3749541465237003,0.047718173201517666,0.343
1,2962,1,1,0,0.48944999801597555,0.48944999801597544,0.48944999801597555,0.48944999801597555,0.48944999801597555,0.48944999801597555,1.1102230246251565e-16,1.0
1,2963,2,2,0,0.29787993705636695,0.2978799370563669,0.29787993705636695,0.29787993705636695,0.29787993705636695,0.29787993705636695,5.551115123125783e-17,1.0
1,2986,3,2,1,0.5488087490870662,0.3959899715300492,0.4203510567402625,0.22031844515591614,0.5488087490870662,0.5488087490870662,0.152818777557017,0.318
1,2994,3,2,1,0.09240253171338995,0.07656579019795744,0.09240253171338995,0.0277562171861468,0.10198433769389909,0.10198433769389909,0.015836741515432518,0.703
1,3011,1,1,0,0.12492168970707936,0.12492168970707934,0.12492168970707936,0.12492168970707936,0.12492168970707936,0.12492168970707936,1.3877787807814457e-17,1.0
1,3049,1,1,0,0.07704333923003776,0.07704333923003778,0.07704333923003776,0.07704333923003776,0.07704333923003776,0.07704333923003776,-2.7755575615628914e-17,1.0
1,3054,2,2,0,0.5943055419257793,0.5943055419257792,0.5943055419257793,0.5943055419257793,0.5943055419257793,0.5943055419257793,1.1102230246251565e-16,1.0
1,3056,1,1,0,0.35212210635153407,0.3521221063515342,0.35212210635153407,0.35212210635153407,0.35212210635153407,0.35212210635153407,-1.1102230246251565e-16,1.0
1,3059,4,3,1,0.3533234892447535,0.26314934382963884,0.23216787622997584,0.23137258587542464,0.35332348924475354,0.35332348924475354,0.09017414541511465,0.245
1,3063,2,2,0,0.37926900939656477,0.37926900939656494,0.37926900939656477,0.37926900939656477,0.37926900939656477,0.37926900939656477,-1.6653345369377348e-16,1.0
1,3069,2,1,1,0.44176620532157523,0.285226519876747,0.1317866301833016,0.1317866301833016,0.44176620532157523,0.44176620532157523,0.1565396854448282,0.495
1,3082,1,1,0,0.48767374009496517,0.48767374009496506,0.48767374009496517,0.48767374009496517,0.48767374009496517,0.48767374009496517,1.1102230246251565e-16,1.0
1,3096,1,1,0,0.5291600219454107,0.5291600219454108,0.5291600219454107,0.5291600219454107,0.5291600219454107,0.5291600219454107,-1.1102230246251565e-16,1.0
1,3104,5,4,1,0.2217465289094578,0.2273626738982425,0.2217465289094578,0.21064294861359434,0.2503813876237177,0.2503813876237177,-0.005616144988784683,0.587
1,3111,4,2,2,0.28486089516052127,0.1316081659937231,0.010740538774151183,-0.0020221166151661793,0.3176804998306528,0.3176804998306528,0.15325272916679816,0.321
1,3124,5,4,1,0.5087000534286032,0.46510017250301183,0.46537084490034336,0.41251660759082714,0.5087000534286032,0.5087000534286034,0.04359988092559142,0.201
1,3157,3,2,1,0.2659010036828137,0.25168978340824927,0.2659010036828137,0.0932629475462614,0.39937413848921977,0.39937413848921977,0.014211220274564451,0.661
1,3166,1,1,0,0.09085748017731898,0.090857480177319,0.09085748017731898,0.09085748017731898,0.09085748017731898,0.09085748017731898,-1.3877787807814457e-17,1.0
1,3169,1,1,0,0.14834625134632173,0.14834625134632168,0.14834625134632173,0.14834625134632173,0.14834625134632173,0.14834625134632173,5.551115123125783e-17,1.0
1,3174,5,3,2,0.3438183593555772,0.27619532472173275,0.2719393891226381,0.13419711972884643,0.3438183593555772,0.34381835935557725,0.06762303463384445,0.108
1,3179,3,2,1,0.21199913405755516,0.1939357820131525,0.2072732647087521,0.15815776169414056,0.21199913405755516,0.21199913405755516,0.018063352044402653,0.358
1,3181,5,3,2,0.27471351672319505,0.19186348222103916,0.20985031177879368,0.012306842961847126,0.30157146572057464,0.30157146572057464,0.08285003450215589,0.27
1,3182,4,3,1,0.34598819932705643,0.29300568941427274,0.2949579676006888,0.21840985097360047,0.3622877462472681,0.3622877462472681,0.05298250991278369,0.339
1,3183,65,63,2,0.18520135765469073,0.19205052856964186,0.19233778378123087,0.18764829657907256,0.19582851635188903,0.19846532186624466,-0.00684917091495113,0.986
1,3185,2,1,1,0.6031045800981736,0.33949718333640405,0.0942099917549891,0.0942099917549891,0.6031045800981736,0.6031045800981736,0.26360739676176953,0.482
1,3190,2,1,1,0.4937118945142319,0.3153843071363246,0.4937118945142319,0.11185410569644323,0.4937118945142319,0.4937118945142319,0.17832758737790733,0.533
1,3195,3,2,1,0.36580825522624705,0.2910770207297978,0.36580825522624705,0.08502800496782903,0.3900673583923559,0.3900673583923559,0.07473123449644925,0.703
1,3196,1,1,0,0.11543706650106643,0.11543706650106643,0.11543706650106643,0.11543706650106643,0.11543706650106643,0.11543706650106643,0.0,1.0
1,3206,4,3,1,0.42294195628494474,0.3846024237816843,0.42294195628494463,0.32518824092990734,0.4285848288843012,0.4285848288843012,0.03833953250326044,0.343
1,3208,2,1,1,0.41528588504208636,0.22401316060952195,0.41528588504208636,0.010047062091738147,0.41528588504208636,0.41528588504208636,0.1912727244325644,0.528
1,3229,4,4,0,0.010868539756524593,0.010868539756524598,0.010868539756524596,0.010868539756524586,0.010868539756524607,0.010868539756524607,-5.204170427930421e-18,0.813
1,3232,5,4,1,0.4610926563439203,0.4305773353781808,0.4610926563439203,0.3345759893302093,0.4812244094190442,0.4812244094190442,0.0305153209657395,0.6
1,3233,1,1,0,0.42370512870410165,0.42370512870410165,0.42370512870410165,0.42370512870410165,0.42370512870410165,0.42370512870410165,0.0,1.0
1,3234,1,1,0,0.06920626321496255,0.06920626321496258,0.06920626321496255,0.06920626321496255,0.06920626321496255,0.06920626321496255,-2.7755575615628914e-17,1.0
1,3235,3,2,1,0.40621371495368497,0.32038191943485206,0.40621371495368497,0.12094638530033824,0.4257250146248431,0.4257250146248431,0.08583179551883291,0.676
1,3236,2,2,0,0.364595972752598,0.364595972752598,0.364595972752598,0.364595972752598,0.364595972752598,0.364595972752598,0.0,1.0
1,3237,3,3,0,0.22208050633067694,0.22208050633067694,0.22208050633067689,0.22208050633067686,0.22208050633067694,0.22208050633067694,0.0,0.294
1,3239,1,1,0,0.49741993534858703,0.4974199353485869,0.49741993534858703,0.49741993534858703,0.49741993534858703,0.49741993534858703,1.1102230246251565e-16,1.0
1,3241,28,21,7,0.2163796082303914,0.2613485005775749,0.2666763227833949,0.21333111296311716,0.2987863736561305,0.3161082800130821,-0.044968892347183514,0.93
1,3242,3,2,1,0.29619217834489825,0.2729276485833952,0.29619217834489825,0.206048935436798,0.30938106425610484,0.30938106425610484,0.02326452976150306,0.691
1,3244,2,1,1,0.15680990442274925,0.26323591798588314,0.36589833971377844,0.15680990442274925,0.36589833971377844,0.36589833971377844,-0.10642601356313389,1.0
1,3245,22,21,1,0.26615030438337,0.2621785754720998,0.2618019534566053,0.2589812745162885,0.26615030438337,0.2684787971283638,0.003971728911270234,0.091
1,3246,56,55,1,0.2552295647854685,0.26970601353325707,0.2702864987188205,0.2665825804427572,0.2729120018442362,0.275810982371345,-0.014476448747788584,0.99
1,3247,10,10,0,0.07897486423431235,0.07897486423431237,0.07897486423431237,0.07897486423431234,0.07897486423431238,0.0789748642343124,-1.3877787807814457e-17,0.924
1,3248,1,1,0,0.3651112498640894,0.36511124986408927,0.3651112498640894,0.3651112498640894,0.3651112498640894,0.3651112498640894,1.1102230246251565e-16,1.0
1,3253,1,1,0,0.025489786569433834,0.025489786569433848,0.025489786569433834,0.025489786569433834,0.025489786569433834,0.025489786569433834,-1.3877787807814457e-17,1.0
1,3266,4,2,2,0.35231188949760717,0.3330412460532576,0.35231188949760717,0.1228835649130368,0.47333623423418886,0.47333623423418886,0.01927064344434959,0.633
1,3270,86,41,45,0.13910117251201976,0.316042750562534,0.31679483139956716,0.2656193489704919,0.36600845946300653,0.40145119361521303,-0.17694157805051425,1.0
1,3272,3,2,1,0.08780675062189068,0.0870219603244782,0.08780675062189068,0.07340777845803052,0.09952912330721746,0.09952912330721746,0.0007847902974124771,0.663
1,3273,3,2,1,0.12108024336067903,0.11077559065061009,0.12108024336067903,0.07822738125367888,0.12802531434044553,0.12802531434044553,0.010304652710068946,0.702
1,3274,1,1,0,0.03967453074478597,0.03967453074478598,0.03967453074478597,0.03967453074478597,0.03967453074478597,0.03967453074478597,-1.3877787807814457e-17,1.0
1,3278,6,4,2,0.21504979319116035,0.20184070893204353,0.20314729638293494,0.14089751797278433,0.24733697003953095,0.24733697003953098,0.013209084259116821,0.474
1,3282,8,4,4,0.5208613250146212,0.415541325980208,0.42720789107458773,0.21050179239993327,0.565106099547017,0.5929829094301247,0.10531999903441325,0.139
1,3284,3,2,1,0.4933580998991123,0.4419423595322407,0.4933580998991123,0.340422477360865,0.4937291642490154,0.4937291642490154,0.051415740366871576,0.663
1,3285,2,1,1,0.4621678594624787,0.294247045653447,0.13610802682358228,0.13610802682358228,0.4621678594624787,0.4621678594624787,0.16792081380903168,0.485
1,3292,4,3,1,0.5417386935526852,0.4694292538159524,0.4306071487300597,0.4047552268685812,0.5417386935526852,0.5417386935526852,0.07230943973673282,0.244
1,3299,3,2,1,0.48554361586932565,0.35972218081247365,0.33111384311469433,0.2672003694669585,0.48554361586932565,0.48554361586932565,0.125821435056852,0.321
1,3315,1,1,0,0.12656985234512705,0.12656985234512705,0.12656985234512705,0.12656985234512705,0.12656985234512705,0.12656985234512705,0.0,1.0
1,3328,1,1,0,0.3087093887244284,0.3087093887244284,0.3087093887244284,0.3087093887244284,0.3087093887244284,0.3087093887244284,0.0,1.0
1,3336,1,1,0,0.20073254408753402,0.20073254408753402,0.20073254408753402,0.20073254408753402,0.20073254408753402,0.20073254408753402,0.0,1.0
1,3369,3,2,1,0.358135741603369,0.2866172980042338,0.33382109400808163,0.15532876062794368,0.358135741603369,0.358135741603369,0.07151844359913517,0.349
1,3398,4,2,2,0.322363248318216,0.3041301285687077,0.29570787383237207,0.2137110634551702,0.3873918749864846,0.3873918749864846,0.01823311974950831,0.482
1,3412,13,6,7,0.4985984388176312,0.43310924827098635,0.4467457554699146,0.258382986374097,0.5530861129053816,0.5970015515136481,0.06548919054664487,0.262
1,3425,1,1,0,0.5456694931179914,0.5456694931179914,0.5456694931179914,0.5456694931179914,0.5456694931179914,0.5456694931179914,0.0,1.0
1,3427,12,5,7,0.28272883536510107,0.26209439485053054,0.24869573045817256,0.17224194738777868,0.348420102575808,0.3667583332536619,0.02063444051457053,0.385
1,3434,4,1,3,0.36521650655944904,0.1716243615852844,0.18657146547159711,0.055999206476864065,0.36521650655944904,0.36521650655944904,0.19359214497416463,0.253
1,3435,3,2,1,0.15751538374316537,0.12372409932325563,0.1304750475706633,0.08010617270958474,0.15751538374316537,0.15751538374316537,0.03379128441990974,0.352
1,3453,2,2,0,0.10517905119229802,0.10517905119229803,0.10517905119229802,0.10517905119229802,0.10517905119229802,0.10517905119229802,-1.3877787807814457e-17,1.0
1,3456,3,2,1,0.25122208777848426,0.25143422924231673,0.25122208777848426,0.2498819803333714,0.2531276337019623,0.2531276337019623,-0.00021214146383247146,0.672
1,3492,3,2,1,0.5038419860549187,0.42977081300953635,0.483010547409042,0.2972159952262382,0.5038419860549187,0.5038419860549187,0.07407117304538235,0.334
1,3498,2,2,0,0.3797231564053196,0.3797231564053195,0.3797231564053196,0.3797231564053196,0.3797231564053196,0.3797231564053196,1.1102230246251565e-16,1.0
1,3513,1,1,0,0.07904706902667563,0.07904706902667562,0.07904706902667563,0.07904706902667563,0.07904706902667563,0.07904706902667563,1.3877787807814457e-17,1.0
1,3537,1,1,0,0.2414755823828183,0.2414755823828183,0.2414755823828183,0.2414755823828183,0.2414755823828183,0.2414755823828183,0.0,1.0
1,3541,1,1,0,0.2254907310859182,0.2254907310859182,0.2254907310859182,0.2254907310859182,0.2254907310859182,0.2254907310859182,0.0,1.0
1,3554,84,55,29,0.2805440861164413,0.2896196917680027,0.29049086252172934,0.2638806704370976,0.31079497882227913,0.324853125516049,-0.009075605651561347,0.767
1,3560,3,2,1,0.4261115422398733,0.32954483842567656,0.40954668653274506,0.14550015946806466,0.4261115422398733,0.4261115422398733,0.09656670381419674,0.335
1,3562,7,3,4,0.4945952222292617,0.3344151042550617,0.3710778494571322,0.06875784264322744,0.4945952222292617,0.5228748740643708,0.1601801179742,0.074
1,3563,5,3,2,0.17617694385658694,0.1730252761362322,0.17617694385658694,0.13834532888545437,0.20686290622771444,0.20686290622771444,0.003151667720354745,0.6
1,3564,4,2,2,0.36106659352503684,0.23278035151747584,0.3480910262593427,0.0907731790374019,0.36106659352503684,0.36106659352503684,0.128286242007561,0.169
1,3574,2,2,0,0.24976158310601335,0.2497615831060133,0.24976158310601335,0.24976158310601335,0.24976158310601335,0.24976158310601335,5.551115123125783e-17,1.0
1,3579,3,2,1,0.32009917121655745,0.27099406160421674,0.25246443489470205,0.24263063832749895,0.32009917121655745,0.32009917121655745,0.049105109612340714,0.325
1,3678,3,2,1,0.2858858775756565,0.21013390216546293,0.19421796335328773,0.14265504582927657,0.2858858775756565,0.2858858775756565,0.07575197541019354,0.366
1,3680,2,1,1,0.21125693580835622,0.22117727901708173,0.23101857566637513,0.21125693580835622,0.23101857566637513,0.23101857566637513,-0.009920343208725507,1.0
1,3684,3,2,1,0.2592243188625679,0.265520154359838,0.26023052498479676,0.2592243188625679,0.2771638069651408,0.2771638069651408,-0.006295835497270086,1.0
1,3709,5,4,1,0.48707134532587554,0.4793720834198807,0.48152582762387297,0.43524125594356483,0.5197599786998015,0.5197599786998015,0.0076992619059948475,0.289
1,3711,4,3,1,0.5150545793878064,0.4717768183427916,0.43221826061592356,0.4056055067012148,0.5392818417856551,0.5392818417856551,0.043277761045014795,0.492
1,3726,3,2,1,0.33687028165275607,0.29188734156521606,0.33687028165275607,0.09876830197121997,0.42759613459040574,0.42759613459040574,0.04498294008754,0.68
1,3728,1,1,0,0.15216694940379666,0.1521669494037967,0.15216694940379666,0.15216694940379666,0.15216694940379666,0.15216694940379666,-2.7755575615628914e-17,1.0
1,3739,1,1,0,0.6245735889934134,0.6245735889934136,0.6245735889934134,0.6245735889934134,0.6245735889934134,0.6245735889934134,-2.220446049250313e-16,1.0
1,3744,1,1,0,0.4348037617310655,0.43480376173106544,0.4348037617310655,0.4348037617310655,0.4348037617310655,0.4348037617310655,5.551115123125783e-17,1.0
1,3762,2,2,0,0.365300134008727,0.36530013400872713,0.365300134008727,0.365300134008727,0.365300134008727,0.365300134008727,-1.1102230246251565e-16,1.0
1,3779,1,1,0,0.2637091069136464,0.2637091069136464,0.2637091069136464,0.2637091069136464,0.2637091069136464,0.2637091069136464,0.0,1.0
1,3785,3,1,2,0.1601708061787832,0.15478176139769093,0.1601708061787832,0.13299190732323948,0.17092505526525356,0.17092505526525356,0.005389044781092284,0.666
1,3794,3,2,1,0.5367967283823201,0.4224810783974468,0.5367967283823201,0.17521541313523487,0.5513111119180005,0.5513111119180005,0.11431564998487326,0.671
1,3816,1,1,0,0.4372319091694129,0.437231909169413,0.4372319091694129,0.4372319091694129,0.4372319091694129,0.4372319091694129,-1.1102230246251565e-16,1.0
1,3823,7,3,4,0.09290982534296582,0.2900679785920617,0.30891085458038997,0.11724911880530324,0.38228524610798237,0.38762249298848306,-0.19715815324909586,0.977
1,3827,4,2,2,0.42717449936255514,0.40069065514532715,0.42717449936255514,0.28075885311744053,0.5268070755344347,0.5268070755344347,0.026483844217227992,0.512
1,3828,8,5,3,0.45715535861781,0.43626198434382607,0.4486013519851601,0.3269957013620717,0.5077652967959616,0.5276297638272011,0.02089337427398391,0.411
1,3862,1,1,0,0.1654687194097933,0.16546871940979327,0.1654687194097933,0.1654687194097933,0.1654687194097933,0.1654687194097933,2.7755575615628914e-17,1.0
1,3894,11,6,5,0.47494635907173294,0.4847701322420135,0.48733763761048604,0.43054344216607493,0.5311932022226038,0.5535523172317595,-0.009823773170280548,0.646
1,3895,7,3,4,0.5869085149485991,0.36272976495397175,0.39597399263022176,0.10836204666587614,0.5484381665620232,0.5869085149485991,0.22417874999462734,0.027
1,3907,3,2,1,0.3456256068702627,0.3087066475474203,0.3456256068702627,0.21852244551005773,0.35360959625553967,0.35360959625553967,0.03691895932284245,0.69
1,3917,3,3,0,0.37490083027595883,0.3749008302759587,0.37490083027595883,0.37490083027595883,0.37490083027595883,0.37490083027595883,1.1102230246251565e-16,1.0
1,3918,3,3,0,0.41239542205986696,0.412395422059867,0.41239542205986696,0.41239542205986696,0.41239542205986696,0.41239542205986696,-5.551115123125783e-17,1.0
1,3923,5,3,2,0.469085302248524,0.5127203470604224,0.469085302248524,0.34547224779055935,0.6178036782738081,0.6178036782738082,-0.04363504481189834,0.61
1,3932,3,2,1,0.26864574887862513,0.2533103187048026,0.25315942770281924,0.23775644119546055,0.26864574887862513,0.26864574887862513,0.01533543017382255,0.332
1,3933,4,4,0,0.33419818815323143,0.33419818815323143,0.33419818815323143,0.3341981881532314,0.33419818815323143,0.33419818815323143,0.0,0.92
1,3957,1,1,0,0.18322867884414934,0.18322867884414937,0.18322867884414934,0.18322867884414934,0.18322867884414934,0.18322867884414934,-2.7755575615628914e-17,1.0
1,3960,2,1,1,0.17562426812972992,0.23928239078827504,0.29851639681417996,0.17562426812972992,0.29851639681417996,0.29851639681417996,-0.06365812265854512,1.0
1,3962,1,1,0,0.27211098591807725,0.2721109859180774,0.27211098591807725,0.27211098591807725,0.27211098591807725,0.27211098591807725,-1.6653345369377348e-16,1.0
1,3963,3,2,1,0.28383587168587154,0.3242927973408318,0.3193780849410534,0.28383587168587154,0.3706175666742985,0.3706175666742985,-0.04045692565496023,1.0
1,3964,3,3,0,0.2702854788462654,0.2702854788462653,0.2702854788462654,0.27028547884626536,0.2702854788462654,0.2702854788462654,1.1102230246251565e-16,0.672
1,3965,8,2,6,0.03902500743462587,0.1540317650541282,0.1545681835915595,0.03902500743462587,0.26315303623859515,0.28030306257793824,-0.11500675761950233,0.963
1,3971,2,2,0,0.5142231696446508,0.5142231696446508,0.5142231696446508,0.5142231696446508,0.5142231696446508,0.5142231696446508,0.0,1.0
1,3972,5,3,2,0.2184053222926084,0.1533419292485579,0.21382571487575786,0.0007161158985106312,0.25263566530445325,0.25263566530445325,0.06506339304405048,0.378
1,3973,27,19,8,0.16619067386252223,0.1881548717238762,0.18825216501789105,0.16940129233997112,0.20743553378262156,0.23267278937349564,-0.02196419786135398,0.969
1,3989,6,5,1,0.24490023755765816,0.2940722514791147,0.31838888013934713,0.23718189790389466,0.3283788327056684,0.3283788327056684,-0.04917201392145654,0.764
1,3991,1,1,0,0.09384260407466957,0.0938426040746696,0.09384260407466957,0.09384260407466957,0.09384260407466957,0.09384260407466957,-2.7755575615628914e-17,1.0
1,4007,13,5,8,0.06726980223710438,0.2049781524818804,0.2087452508725841,0.12617357581767122,0.27727378344492326,0.31627745378420363,-0.137708350244776,0.998
1,4019,2,1,1,0.1391992863218042,0.11330907997655013,0.08793155098466743,0.08793155098466743,0.1391992863218042,0.1391992863218042,0.025890206345254074,0.495
1,4026,3,2,1,0.2365309764712256,0.23557809670450655,0.2365309764712256,0.21598187997535948,0.25725435026250587,0.25725435026250587,0.0009528797667190392,0.641
1,4036,3,2,1,0.47112314361594954,0.4496320902768368,0.47112314361594954,0.4033411469865358,0.4737025717000488,0.4737025717000488,0.02149105333911272,0.67
1,4042,7,6,1,0.26739974200460137,0.29297371262493516,0.2974133208285819,0.2673997420046014,0.30590761207823497,0.305907612078235,-0.025573970620333786,1.0
1,4045,4,3,1,0.2224961419035316,0.22907793648032904,0.22249614190353156,0.17589122420937348,0.29792203616663177,0.29792203616663177,-0.006581794576797445,0.434
1,4047,3,2,1,0.15448446887509842,0.18740056544313313,0.15448446887509842,0.08871496891152646,0.3093844514976836,0.3093844514976836,-0.03291609656803471,0.695
1,4048,2,1,1,0.09261123929592169,0.12421799697901235,0.09261123929592169,0.09261123929592169,0.1585961196364032,0.1585961196364032,-0.03160675768309067,1.0
1,4049,4,3,1,0.37161927572305475,0.3598600511820126,0.35028416837088,0.348881564783287,0.3716192757230548,0.3716192757230548,0.011759224541042168,0.269
1,4051,2,1,1,0.10487907126334697,0.14797869946546938,0.18972085906280056,0.10487907126334697,0.18972085906280056,0.18972085906280056,-0.0430996282021224,1.0
1,4055,4,3,1,0.49331513707153385,0.4872410233377541,0.47720031385611406,0.4704775537159248,0.5083960897292408,0.5083960897292408,0.006074113733779751,0.323
1,4056,4,3,1,0.29346884387473865,0.3067896754058045,0.3055534139428906,0.28853040888417614,0.33684741945539726,0.33684741945539726,-0.013320831531065835,0.77
1,4063,2,2,0,0.3686057819026414,0.36860578190264154,0.3686057819026414,0.3686057819026414,0.3686057819026414,0.3686057819026414,-1.1102230246251565e-16,1.0
1,4071,4,3,1,0.17785754401290932,0.21936952748857969,0.24239550088217637,0.17785754401290932,0.2499640994041553,0.2499640994041553,-0.041511983475670367,1.0
1,4072,1,1,0,0.375528739614174,0.3755287396141739,0.375528739614174,0.375528739614174,0.375528739614174,0.375528739614174,1.1102230246251565e-16,1.0
1,4074,6,5,1,0.3428780810117452,0.3579192778307415,0.3428780810117452,0.2783143267966702,0.4113946919794946,0.4113946919794946,-0.015041196818996294,0.519
1,4081,2,1,1,0.5015282391944619,0.37445054569398567,0.5015282391944619,0.23733345021218272,0.5015282391944619,0.5015282391944619,0.1270776935004762,0.519
1,4090,2,1,1,0.2534046435068412,0.17269403101470665,0.09545823941264436,0.09545823941264436,0.2534046435068412,0.2534046435068412,0.08071061249213457,0.489
1,4091,2,1,1,0.10011879080854635,0.14941559626408485,0.19621392814877733,0.10011879080854635,0.19621392814877733,0.19621392814877733,-0.049296805455538495,1.0
1,4094,2,1,1,0.24300568016741406,0.2501953065372395,0.24300568016741406,0.24300568016741406,0.2574426809100354,0.2574426809100354,-0.007189626369825425,1.0
1,4105,4,3,1,0.24914640506731217,0.3033099823436902,0.3287257582209408,0.24914640506731214,0.332033879153799,0.332033879153799,-0.05416357727637805,0.845
1,4109,2,1,1,0.34298452185295936,0.23219731213403078,0.34298452185295936,0.11265768252046746,0.34298452185295936,0.34298452185295936,0.11078720971892858,0.519
1,4113,4,2,2,0.4770126000562168,0.44266017353580794,0.446799777108799,0.3734810994206481,0.4851029684221943,0.4851029684221943,0.034352426520408874,0.327
1,4115,1,1,0,0.08458273696376334,0.08458273696376332,0.08458273696376334,0.08458273696376334,0.08458273696376334,0.08458273696376334,1.3877787807814457e-17,1.0
1,4131,1,1,0,0.20711312338641413,0.20711312338641408,0.20711312338641413,0.20711312338641413,0.20711312338641413,0.20711312338641413,5.551115123125783e-17,1.0
1,4132,3,2,1,0.4483852040161807,0.45333554000119125,0.4483852040161807,0.4248983852903942,0.48768057204766335,0.48768057204766335,-0.0049503359850105455,0.662
1,4139,2,1,1,0.17640190366442776,0.10155674274616064,0.03246890189852946,0.03246890189852946,0.17640190366442776,0.17640190366442776,0.07484516091826712,0.48
1,4152,4,3,1,0.31965259251136086,0.3398958600486006,0.32686934519934574,0.31965259251136086,0.362141525729627,0.362141525729627,-0.020243267537239762,1.0
1,4160,3,2,1,0.3752029213591771,0.3989849867668703,0.4026488940709119,0.3752029213591771,0.42172427861548417,0.42172427861548417,-0.023782065407693176,1.0
1,4169,3,2,1,0.27634285504988726,0.2896210991560105,0.2847290563918185,0.27634285504988726,0.3073976340055501,0.3073976340055501,-0.013278244106123216,1.0
1,4174,3,2,1,0.37334042032196046,0.3953414522500611,0.37334042032196046,0.36021295845490325,0.4573047702480834,0.4573047702480834,-0.022001031928100656,0.642
1,4189,3,1,2,0.4503665862976482,0.25280064121310736,0.1867386535392366,0.13743122501293564,0.4503665862976482,0.4503665862976482,0.19756594508454084,0.311
1,4230,3,2,1,0.4110012032838152,0.38073272489254106,0.4110012032838152,0.20555281033432046,0.525825409433088,0.525825409433088,0.030268478391274112,0.666
1,4268,1,1,0,0.070593455507701,0.070593455507701,0.070593455507701,0.070593455507701,0.070593455507701,0.070593455507701,0.0,1.0
1,4269,1,1,0,0.03331820128173216,0.03331820128173214,0.03331820128173216,0.03331820128173216,0.03331820128173216,0.03331820128173216,1.3877787807814457e-17,1.0
1,4283,5,5,0,0.2107942050031609,0.21079420500316093,0.21079420500316087,0.21079420500316082,0.2107942050031609,0.2107942050031609,-2.7755575615628914e-17,0.223
1,4287,2,1,1,0.09619586148661757,0.14757500227773324,0.1985447475246966,0.09619586148661757,0.1985447475246966,0.1985447475246966,-0.05137914079111566,1.0
1,4298,2,1,1,0.2778563491632493,0.10967846453531553,0.2778563491632493,-0.06189695311540479,0.2778563491632493,0.2778563491632493,0.16817788462793376,0.505
1,4303,2,1,1,0.2846340152746071,0.2696308573900046,0.2547472465801798,0.2547472465801798,0.2846340152746071,0.2846340152746071,0.015003157884602492,0.498
1,4310,2,1,1,0.2967576349722318,0.23061164590611077,0.16603433642258553,0.16603433642258553,0.2967576349722318,0.2967576349722318,0.06614598906612101,0.494
1,4318,1,1,0,0.356956036216254,0.35695603621625394,0.356956036216254,0.356956036216254,0.356956036216254,0.356956036216254,5.551115123125783e-17,1.0
1,4335,15,4,11,0.24802980025779514,0.20489492527199762,0.20964240762953218,0.08538930109554015,0.30538818839359816,0.34824178183584037,0.04313487498579752,0.315
1,4337,10,8,2,0.5157815415764871,0.5205338240602256,0.5201919775028945,0.5073438445800657,0.5335822439514412,0.5431270249670193,-0.00475228248373849,0.7
1,4341,11,1,10,0.45656900549392376,0.30737874841545254,0.24159055924621708,0.05268867723278034,0.49423167853458533,0.49423167853458533,0.14919025707847122,0.277
1,4342,2,1,1,0.14967246309458593,0.16319119144574615,0.14967246309458593,0.14967246309458593,0.17777792744211227,0.17777792744211227,-0.01351872835116022,1.0
1,4348,2,1,1,0.23709161434334505,0.22829949835729718,0.22829949835729718,0.21950738237124928,0.23709161434334505,0.23709161434334505,0.008792115986047871,0.5
1,4350,2,1,1,0.36764952573016774,0.2867838950216989,0.21032339594715435,0.21032339594715435,0.36764952573016774,0.36764952573016774,0.08086563070846886,0.486
1,4389,6,1,5,0.13973898056886214,0.265848324963311,0.30232049316175363,0.11464800286032044,0.3825773798404554,0.3825773798404554,-0.12610934439444887,0.819
1,4417,2,1,1,0.3544579811624565,0.22360058458146148,0.3544579811624565,0.08464891604700278,0.3544579811624565,0.3544579811624565,0.13085739658099504,0.515
1,4420,3,2,1,0.23551352199552134,0.2443132188297306,0.23551352199552134,0.1059791927912318,0.3700474164551505,0.3700474164551505,-0.008799696834209253,0.693
1,4432,1,1,0,0.264920137068971,0.26492013706897094,0.264920137068971,0.264920137068971,0.264920137068971,0.264920137068971,5.551115123125783e-17,1.0
1,4445,2,1,1,0.31367055449048964,0.19493455061725945,0.31367055449048964,0.06681815558564509,0.31367055449048964,0.31367055449048964,0.11873600387323019,0.519
1,4449,2,1,1,0.11003452420600764,0.1496872584742969,0.1876328300147929,0.11003452420600764,0.1876328300147929,0.1876328300147929,-0.03965273426828926,1.0
1,4454,1,1,0,0.45905239502521683,0.4590523950252169,0.45905239502521683,0.45905239502521683,0.45905239502521683,0.45905239502521683,-5.551115123125783e-17,1.0
1,4461,2,1,1,0.38048574817521974,0.1931944951884509,0.017518203627218138,0.017518203627218138,0.38048574817521974,0.38048574817521974,0.18729125298676885,0.484
1,4477,1,1,0,0.01974379372752723,0.019743793727527218,0.01974379372752723,0.01974379372752723,0.01974379372752723,0.01974379372752723,1.0408340855860843e-17,1.0
1,4479,4,2,2,0.5809316841877334,0.4533575673600457,0.4240998442870863,0.28572651803492033,0.5809316841877334,0.5809316841877334,0.12757411682768777,0.151
1,4486,2,1,1,0.3510930152518565,0.27761062748085125,0.20500476918623964,0.20500476918623964,0.3510930152518565,0.3510930152518565,0.07348238777100524,0.497
1,4487,6,5,1,0.0970969578127584,0.0925887098910745,0.09709695781275837,0.06575996984860016,0.10759848425873059,0.1075984842587306,0.004508247921683903,0.478
1,4488,3,2,1,0.1824835570519443,0.17565452259063005,0.17844973696900593,0.16577269433478753,0.1824835570519443,0.1824835570519443,0.006829034461314248,0.341
1,4492,4,4,0,0.1682916865179402,0.16829168651794024,0.1682916865179402,0.1682916865179402,0.16829168651794024,0.16829168651794024,-5.551115123125783e-17,1.0
1,4496,6,4,2,0.2588382203335953,0.25983535138769104,0.25718423759090675,0.2238511652479836,0.2881222143780309,0.2881222143780309,-0.0009971310540957123,0.49
1,4497,1,1,0,0.2930621110272488,0.2930621110272487,0.2930621110272488,0.2930621110272488,0.2930621110272488,0.2930621110272488,5.551115123125783e-17,1.0
1,4500,4,2,2,0.10273561492631786,0.17447466560825386,0.18005234212012952,0.10273561492631786,0.20934143144169906,0.20934143144169906,-0.071739050681936,1.0
1,4511,1,1,0,0.11521889615335261,0.11521889615335265,0.11521889615335261,0.11521889615335261,0.11521889615335261,0.11521889615335261,-4.163336342344337e-17,1.0
1,4534,2,1,1,0.36521456521101914,0.2780724475479202,0.1979552222876046,0.1979552222876046,0.36521456521101914,0.36521456521101914,0.08714211766309893,0.479
1,4544,3,2,1,0.3858665710219851,0.35837940011417446,0.37140839623750177,0.3200374517765217,0.3858665710219851,0.3858665710219851,0.027487170907810665,0.314
1,4558,2,1,1,0.09759270904584506,0.14359492036004742,0.18538318865310138,0.09759270904584506,0.18538318865310138,0.18538318865310138,-0.04600221131420236,1.0
1,4560,4,3,1,0.2717429064199694,0.27384106279222786,0.27174290641996945,0.14799382061439156,0.3460295009909163,0.3460295009909163,-0.002098156372258464,0.751
1,4566,13,13,0,0.17957319269599492,0.1795731926959949,0.17957319269599492,0.1795731926959949,0.17957319269599495,0.17957319269599495,2.7755575615628914e-17,0.625
1,4572,1,1,0,0.19099176432593135,0.19099176432593135,0.19099176432593135,0.19099176432593135,0.19099176432593135,0.19099176432593135,0.0,1.0
1,4575,5,4,1,0.13876180686875295,0.148110486481949,0.15010447825285506,0.12421848246396847,0.16380586364050764,0.16380586364050767,-0.009348679613196048,0.797
1,4576,5,4,1,0.5031602640816217,0.4548429577859247,0.4540492544486369,0.4229234969496703,0.5031602640816218,0.5031602640816218,0.04831730629569703,0.191
1,4577,5,4,1,0.27684200449589313,0.2985504245894907,0.283368603973746,0.26162039134988535,0.33298189829277247,0.3329818982927725,-0.02170842009359758,0.795
1,4579,7,6,1,0.31471008368587233,0.29117268100350213,0.30465991653328145,0.23156272452374457,0.3370588210105341,0.33705882101053414,0.0235374026823702,0.418
1,4580,3,3,0,0.47978534895812164,0.47978534895812164,0.47978534895812164,0.47978534895812164,0.47978534895812175,0.47978534895812175,0.0,1.0
1,4596,2,1,1,0.3504755242352823,0.20336285982372293,0.3504755242352823,0.046523738260986165,0.3504755242352823,0.3504755242352823,0.14711266441155935,0.516
1,4603,7,6,1,0.4100379018390415,0.4156345639591635,0.41649107936943064,0.39488333685631316,0.4304995633655098,0.43049956336550993,-0.005596662120121998,0.87
1,4606,3,2,1,0.560319850326407,0.40860858608989303,0.4614293685645716,0.23235532302937098,0.560319850326407,0.560319850326407,0.15171126423651393,0.316
1,4610,4,2,2,0.4996515878794756,0.35026268785067977,0.3715976559581139,0.12194941781406134,0.4996515878794756,0.4996515878794756,0.14938890002879585,0.152
1,4620,1,1,0,0.08846333146874437,0.0884633314687444,0.08846333146874437,0.08846333146874437,0.08846333146874437,0.08846333146874437,-2.7755575615628914e-17,1.0
1,4621,6,5,1,0.3840891320284292,0.36757542320959113,0.3840891320284292,0.29628605989911094,0.40955435732527595,0.409554357325276,0.01651370881883807,0.501
1,4624,4,2,2,0.4182999463341846,0.3416670994035195,0.3308123891334484,0.26625269640404853,0.4182999463341846,0.4182999463341846,0.07663284693066508,0.148
1,4629,11,7,4,0.37090550293314384,0.4239894696747989,0.4264960237988854,0.38165027401226725,0.4607092503315892,0.4814329466076834,-0.05308396674165505,0.977
1,4630,1,1,0,0.15932112826863995,0.15932112826863998,0.15932112826863995,0.15932112826863995,0.15932112826863995,0.15932112826863995,-2.7755575615628914e-17,1.0
1,4636,10,2,8,0.3967198656172937,0.41194765405835393,0.41931960600990903,0.28693790313744605,0.5172528402341191,0.5443308358489046,-0.015227788441060208,0.606
1,4642,5,4,1,0.5107588395286644,0.4968201525780993,0.4944242819024621,0.4856645601100261,0.5107588395286645,0.5107588395286645,0.013938686950565105,0.198
1,4645,3,2,1,0.22428920613294817,0.2106286161639972,0.22428920613294817,0.12756683295484936,0.28083337352001475,0.28083337352001475,0.013660589968950976,0.66
1,4646,18,3,15,0.4840598587487931,0.18568518753562102,0.1571312794622772,0.019366100761420178,0.4153349105057329,0.49077418383086946,0.29837467121317207,0.006
1,4647,6,3,3,0.37366787482274255,0.2695745758361304,0.28623597380001037,0.1336916888277999,0.3731461039162906,0.37366787482274255,0.10409329898661213,0.043
1,4662,3,3,0,0.24104676068813327,0.24104676068813327,0.24104676068813327,0.24104676068813327,0.2410467606881333,0.2410467606881333,0.0,1.0
1,4666,10,7,3,0.16753362183261514,0.21549792905199944,0.21899984425703145,0.16852918174891648,0.25969559810255144,0.2744269547747272,-0.0479643072193843,0.965
1,4667,3,2,1,0.3286707335589687,0.3202471714269421,0.3286707335589687,0.29862240185366845,0.33309121491605903,0.33309121491605903,0.008423562132026607,0.667
1,4672,6,4,2,0.2787255563873344,0.20418894568417192,0.21055191811374963,0.11898299899866624,0.2854833107322834,0.2854833107322834,0.0745366107031625,0.126
1,4675,2,1,1,0.5741295069349325,0.3981735531233634,0.5741295069349325,0.21356402781286468,0.5741295069349325,0.5741295069349325,0.1759559538115691,0.512
1,4676,6,6,0,0.189878797978225,0.18987879797822502,0.189878797978225,0.18987879797822493,0.189878797978225,0.18987879797822504,-2.7755575615628914e-17,0.508
1,4682,23,17,6,0.2035924675344345,0.2588792068141211,0.2600652167979173,0.22519169758029833,0.28699305387091045,0.31066038897590564,-0.05528673927968658,0.997
1,4685,7,7,0,0.12252450037098847,0.12252450037098848,0.12252450037098847,0.12252450037098846,0.12252450037098848,0.1225245003709885,-1.3877787807814457e-17,0.802
1,4692,13,10,3,0.535031645702841,0.5194509944173744,0.5247165129220515,0.4567556364182272,0.5647954073551452,0.5848604382513569,0.015580651285466596,0.376
1,4693,2,1,1,0.5259295878154496,0.28883392015319953,0.07172332792608165,0.07172332792608165,0.5259295878154496,0.5259295878154496,0.2370956676622501,0.478
1,4694,2,1,1,0.11018923931624916,0.14310474170761964,0.17562761385177697,0.11018923931624916,0.17562761385177697,0.17562761385177697,-0.03291550239137048,1.0
1,4695,3,2,1,0.4962841667877952,0.38235037798080784,0.4093999167293772,0.2216348133351896,0.4962841667877952,0.4962841667877952,0.11393378880698735,0.337
1,4710,2,1,1,0.091077366034817,0.14104143176052666,0.091077366034817,0.091077366034817,0.19201487255140226,0.19201487255140226,-0.04996406572570966,1.0
1,4718,6,3,3,0.10862305330111849,0.12923462851419487,0.12378681163435042,0.08439180662468082,0.1723813107252242,0.1728047788314528,-0.020611575213076383,0.799
1,4719,1,1,0,0.1416014787635885,0.1416014787635885,0.1416014787635885,0.1416014787635885,0.1416014787635885,0.1416014787635885,0.0,1.0
1,4720,14,4,10,0.47415947156287225,0.27653357317435434,0.2904707070018098,0.09066386690827363,0.46585398543273915,0.5084255218604111,0.1976258983885179,0.046
1,4722,8,6,2,0.09518754223503463,0.13192318688878357,0.12727848023330895,0.08508016233217772,0.19558615179616687,0.20262043769205892,-0.03673564465374894,0.873
1,4735,5,4,1,0.10887779348105427,0.11847968256367986,0.12148973707256114,0.09295773899016159,0.13811875635917498,0.138118756359175,-0.00960188908262559,0.783
1,4736,2,1,1,0.09395036886304252,0.13822506637495485,0.13822506637495488,0.09395036886304252,0.18249976388686723,0.18249976388686723,-0.044274697511912334,1.0
1,4742,2,1,1,0.18233111703271127,0.16573697574752128,0.18233111703271127,0.14832672915322365,0.18233111703271127,0.18233111703271127,0.01659414128518999,0.512
1,4749,1,1,0,0.4233681700596654,0.42336817005966554,0.4233681700596654,0.4233681700596654,0.4233681700596654,0.4233681700596654,-1.1102230246251565e-16,1.0
1,4754,3,2,1,0.32708491280998503,0.2685183046352364,0.32708491280998503,0.12457212129649127,0.36214316370462846,0.36214316370462846,0.058566608174748624,0.658
1,4755,2,1,1,0.09278895153873436,0.13782639170795555,0.09278895153873436,0.09278895153873436,0.1874054224824763,0.1874054224824763,-0.04503744016922119,1.0
1,4757,1,1,0,0.06145559443160517,0.06145559443160519,0.06145559443160517,0.06145559443160517,0.06145559443160517,0.06145559443160517,-2.0816681711721685e-17,1.0
1,4779,10,1,9,0.43230628757917133,0.2447817673602243,0.21487289756939873,0.10580281514646867,0.43230628757917133,0.43230628757917133,0.18752452021894703,0.104
1,4780,1,1,0,0.3892168890024086,0.3892168890024087,0.3892168890024086,0.3892168890024086,0.3892168890024086,0.3892168890024086,-1.1102230246251565e-16,1.0
1,4801,1,1,0,0.4595524316851122,0.45955243168511206,0.4595524316851122,0.4595524316851122,0.4595524316851122,0.4595524316851122,1.1102230246251565e-16,1.0
1,4821,1,1,0,0.27882306036166926,0.2788230603616694,0.27882306036166926,0.27882306036166926,0.27882306036166926,0.27882306036166926,-1.1102230246251565e-16,1.0
1,4840,3,1,2,0.4256091503310619,0.2968632930456459,0.3267526375272379,0.13931412167498494,0.4256091503310619,0.4256091503310619,0.128745857285416,0.348
1,4879,12,7,5,0.12839051501705345,0.30997543989843285,0.3173334273850225,0.21968751242771728,0.3723114632050103,0.3859866191353414,-0.1815849248813794,0.999
1,4921,4,3,1,0.286322026492818,0.3130769163265637,0.31128508548493833,0.286322026492818,0.3337675398455242,0.3337675398455242,-0.026754889833745688,1.0
1,4935,4,2,2,0.44981216339583163,0.3870356018869018,0.4098730150698559,0.2941431800920058,0.4883493039216126,0.4883493039216126,0.06277656150892985,0.35
1,4942,1,1,0,0.4265676987713493,0.42656769877134937,0.4265676987713493,0.4265676987713493,0.4265676987713493,0.4265676987713493,-5.551115123125783e-17,1.0
1,4949,11,4,7,0.12111825844134505,0.40700232022536054,0.4274871448108588,0.17316159053557606,0.590435449652899,0.6313092931248103,-0.2858840617840155,0.991
1,4968,9,4,5,0.7338212783330188,0.6694139330439326,0.6808717884796378,0.5818816539761739,0.7338212783330188,0.7516355638152794,0.0644073452890862,0.053
1,4971,2,2,0,0.5756895974700936,0.5756895974700936,0.5756895974700936,0.5756895974700936,0.5756895974700936,0.5756895974700936,0.0,1.0
1,4980,10,1,9,0.10561471802900198,0.11473889554488101,0.10461386647543633,0.04288500256904914,0.17876008532970025,0.17876008532970025,-0.009124177515879031,0.492
1,4992,4,2,2,0.479698252617023,0.3588257156667903,0.4640358119444118,0.17825257301162895,0.5467956184178859,0.5467956184178859,0.1208725369502327,0.345
1,4995,16,13,3,0.3983618655116932,0.4243305042150164,0.42545529304586494,0.40261338946994485,0.44261579655913663,0.4475057928998699,-0.025968638703323166,0.978
1,4996,8,4,4,0.3342848237210736,0.31281019626220236,0.3204482376846671,0.19986719030930652,0.42174416616701915,0.4472169702096133,0.021474627458871243,0.434
1,4997,4,3,1,0.20727019847805847,0.21147978200925122,0.20727019847805847,0.1707238306933121,0.26698131001314734,0.26698131001314734,-0.004209583531192745,0.507
1,4998,4,3,1,0.20838256604769811,0.22430235884999478,0.22127609578790058,0.20838256604769811,0.24681863338315144,0.24681863338315144,-0.01591979280229666,1.0
1,5014,3,2,1,0.35389159523132735,0.2937413088921123,0.2624943618714092,0.26189651849144396,0.35389159523132735,0.35389159523132735,0.06015028633921504,0.344
1,5026,3,2,1,0.18841637973321723,0.19407569105151506,0.18916125611070125,0.18841637973321723,0.2035366496466268,0.2035366496466268,-0.005659311318297833,1.0
1,5034,1,1,0,0.2337977422592919,0.23379774225929184,0.2337977422592919,0.2337977422592919,0.2337977422592919,0.2337977422592919,5.551115123125783e-17,1.0
1,5049,5,4,1,0.12787975132723026,0.14240237022122942,0.1378178204520531,0.12787975132723026,0.17763569308325838,0.17763569308325838,-0.014522618893999167,1.0
1,5053,4,4,0,0.31980693015141726,0.3198069301514172,0.31980693015141726,0.31980693015141715,0.31980693015141726,0.31980693015141726,5.551115123125783e-17,0.826
1,5054,5,3,2,0.26527205882842897,0.22352165351300243,0.24027654487532715,0.14109168259643187,0.2856241889702837,0.28562418897028374,0.041750405315426536,0.178
1,5058,18,4,14,0.26495285181915773,0.21952640891890507,0.2153308012471481,0.08444974449188684,0.36983573473894366,0.4512110122721476,0.04542644290025266,0.346
1,5063,3,2,1,0.11656942372728664,0.10485544099376756,0.11624406256375455,0.08339558588534539,0.11656942372728664,0.11656942372728664,0.011713982733519077,0.333
1,5071,19,18,1,0.18082690511427854,0.18116575602085752,0.18082690511427854,0.1761171802825926,0.18476265328264965,0.18484116886054477,-0.0003388509065789802,0.525
1,5072,14,4,10,0.27469956556880726,0.2520196644934992,0.2585174254499436,0.15419715350977567,0.3299285246924199,0.3651156396551586,0.02267990107530804,0.386
1,5081,3,1,2,0.09640218889468201,0.1318959445162283,0.10358125983023674,0.09640218889468201,0.19325792635904815,0.19325792635904815,-0.03549375562154629,1.0
1,5082,5,1,4,0.11949685067459134,0.24049782843773232,0.25192842687473754,0.11949685067459134,0.3397001733374244,0.3397001733374244,-0.12100097776314098,1.0
1,5083,2,1,1,0.10870214407737298,0.14320891473521322,0.10870214407737298,0.10870214407737298,0.17785398908306488,0.17785398908306488,-0.03450677065784023,1.0
1,5085,2,1,1,0.45053075052441255,0.3550155865382963,0.45053075052441255,0.25795985539111355,0.45053075052441255,0.45053075052441255,0.09551516398611626,0.504
1,5086,2,1,1,0.1097123405243656,0.14167003392472524,0.17023827499474364,0.1097123405243656,0.17023827499474364,0.17023827499474364,-0.031957693400359644,1.0
1,5101,3,1,2,0.4745669625568103,0.24404670573458492,0.16455829696705673,0.08985492572653025,0.4745669625568103,0.4745669625568103,0.23052025682222538,0.334
1,5102,4,1,3,0.10857753434923191,0.09878110469543201,0.10857753434923191,0.05251921296896859,0.17602509146837308,0.17602509146837308,0.009796429653799898,0.504
1,5108,2,1,1,0.08502352207052855,0.13671654610402798,0.18578965079080031,0.08502352207052855,0.18578965079080031,0.18578965079080031,-0.05169302403349943,1.0
1,5109,3,2,1,0.33262349551609666,0.3228645661968868,0.33262349551609666,0.09491300783351318,0.5437234473422465,0.5437234473422465,0.009758929319209853,0.665
1,5110,2,1,1,0.11456193838114312,0.1495612030587382,0.11456193838114312,0.11456193838114312,0.18778215737192777,0.18778215737192777,-0.03499926467759509,1.0
1,5111,5,5,0,0.38880000371255724,0.38880000371255724,0.38880000371255724,0.38880000371255724,0.38880000371255735,0.38880000371255735,0.0,0.972
1,5126,1,1,0,0.5106707427245858,0.5106707427245859,0.5106707427245858,0.5106707427245858,0.5106707427245858,0.5106707427245858,-1.1102230246251565e-16,1.0
1,5127,13,11,2,0.5245500844785961,0.5346317564442179,0.5389009509781517,0.5119303988196362,0.5524813850830286,0.556018181298316,-0.010081671965621819,0.73
1,5157,6,2,4,0.24106303441301163,0.22644826017524497,0.2349271514084519,0.13518731254202343,0.2936047208427802,0.2936047208427802,0.014614774237766665,0.482
1,5161,3,2,1,0.27854200382296274,0.2583556478695409,0.2559475745882503,0.24099074739500695,0.27854200382296274,0.27854200382296274,0.02018635595342183,0.329
1,5215,1,1,0,0.22736304663164839,0.22736304663164833,0.22736304663164839,0.22736304663164839,0.22736304663164839,0.22736304663164839,5.551115123125783e-17,1.0
1,5223,7,5,2,0.16871213803092622,0.1870262918367357,0.19041155423844364,0.15982341376145506,0.20634362185025995,0.20782760736056213,-0.018314153805809474,0.908
1,5231,8,4,4,0.14110495639839582,0.17093090416727952,0.1759174864846167,0.09081128933933551,0.2523916782457996,0.2641998780327879,-0.029825947768883698,0.697
1,5232,2,1,1,0.11596594468654417,0.1433880148063907,0.11596594468654417,0.11596594468654417,0.17136406614077965,0.17136406614077965,-0.027422070119846542,1.0
1,5238,1,1,0,0.05893494245581427,0.05893494245581429,0.05893494245581427,0.05893494245581427,0.05893494245581427,0.05893494245581427,-2.0816681711721685e-17,1.0
1,5242,3,1,2,0.09512100380180263,0.09718662934078337,0.09512100380180263,0.0400680546338398,0.1578459618573325,0.1578459618573325,-0.0020656255389807365,0.649
1,5264,3,2,1,0.42703077227030806,0.3692766967175257,0.40483381762265663,0.27785064812632065,0.42703077227030806,0.42703077227030806,0.057754075552782336,0.326
1,5270,5,4,1,0.5518624136463421,0.5621128080142627,0.5518624136463421,0.528030291505969,0.5979845752817364,0.5979845752817364,-0.010250394367920523,0.586
1,5331,26,19,7,0.14044891138552423,0.15824061071609452,0.15801271485436177,0.1424497047040019,0.17436638260912887,0.19418368956730506,-0.017791699330570288,0.966
1,5336,2,1,1,0.5291530467025245,0.3918321307437626,0.5291530467025245,0.24484473208811056,0.5291530467025245,0.5291530467025245,0.1373209159587619,0.517
1,5344,2,1,1,0.24511366319413444,0.21440725174856115,0.1839455129041478,0.1839455129041478,0.24511366319413444,0.24511366319413444,0.03070641144557329,0.498
1,5351,3,1,2,0.2748421336519716,0.2900185998432917,0.2748421336519716,0.2272665840206979,0.3671439959873282,0.3671439959873282,-0.015176466191320126,0.671
1,5377,2,1,1,0.17037505258381191,0.3025733813892887,0.17037505258381191,0.17037505258381191,0.439070842838846,0.439070842838846,-0.13219832880547677,1.0
1,5382,2,1,1,0.39933674028187016,0.22547365411621828,0.05573380319560153,0.05573380319560153,0.39933674028187016,0.39933674028187016,0.17386308616565188,0.494
1,5383,28,20,8,0.2392114370512011,0.2683579594803395,0.2677150352076689,0.25279090844140745,0.28553215890339956,0.3012375308605579,-0.029146522429138427,1.0
1,5389,2,1,1,0.3193940455076003,0.24144039313405227,0.3193940455076003,0.16222942378673744,0.3193940455076003,0.3193940455076003,0.07795365237354804,0.504
1,5393,3,2,1,0.22814275140841572,0.2049230548504395,0.22814275140841572,0.1349451261286763,0.24847190943865474,0.24847190943865474,0.023219696557976233,0.678
1,5457,35,6,29,0.17341503549818962,0.287916533211128,0.2813375924264271,0.19819021788254165,0.40420800725329487,0.45860916963089976,-0.11450149771293835,0.984
1,5460,2,1,1,0.14972465107971863,0.13723322352822936,0.1253748897707727,0.1253748897707727,0.14972465107971863,0.14972465107971863,0.01249142755148927,0.487
1,5476,5,1,4,0.29186050909872024,0.31282001265525394,0.29186050909872024,0.2548088867541216,0.3800767028631994,0.3800767028631994,-0.0209595035565337,0.585
1,5485,1,1,0,0.1864741217587904,0.18647412175879038,0.1864741217587904,0.1864741217587904,0.1864741217587904,0.1864741217587904,2.7755575615628914e-17,1.0
1,5496,4,2,2,0.39098298546956517,0.36180988845524403,0.38773897699071425,0.2766887067176163,0.39098298546956517,0.39098298546956517,0.029173097014321137,0.186
1,5499,5,3,2,0.5948614774957752,0.4005082979700271,0.45696954305978243,0.15872602195168928,0.5948614774957752,0.5948614774957752,0.1943531795257481,0.116
1,5526,4,3,1,0.23944658768047197,0.22406873285405,0.23944658768047197,0.10012240454336957,0.28867008682905615,0.28867008682905615,0.015377854826421983,0.756
1,5599,1,1,0,0.44114619704403485,0.4411461970440349,0.44114619704403485,0.44114619704403485,0.44114619704403485,0.44114619704403485,-5.551115123125783e-17,1.0
1,5620,10,8,2,0.17063639212316273,0.20920055812109029,0.2132742475414349,0.1769436350687476,0.23055519060612775,0.2327023482789678,-0.03856416599792756,0.985
1,5623,12,5,7,0.24714882202957822,0.27642350728507237,0.27448096519441173,0.22864464140116975,0.33416897853413585,0.3619576759911722,-0.02927468525549415,0.819
1,5626,7,4,3,0.3224635116441497,0.28601504647571635,0.28988866520281886,0.19868122187570655,0.3969192960862361,0.4097348346178064,0.036448465168433364,0.31
1,5627,8,2,6,0.28247092204159774,0.1690913268433261,0.16667642141013964,0.0784612504488938,0.28247092204159774,0.2872897178012839,0.11337959519827165,0.075
1,5630,3,2,1,0.39430907804174503,0.3537933044561935,0.39430907804174503,0.19930827650421148,0.4541390794514265,0.4541390794514265,0.04051577358555153,0.683
1,5632,9,6,3,0.08800850172141282,0.12471218930538808,0.1206649114559946,0.06159661727179375,0.1960330271003954,0.22533708592131238,-0.036703687583975256,0.854
1,5634,5,3,2,0.26652579478238925,0.22235529787122119,0.20974480646647467,0.12512586041916918,0.27644467795212285,0.27644467795212285,0.04417049691116806,0.184
1,5637,4,2,2,0.4439922939009918,0.28221014206586253,0.2829001264915006,0.08126777994488699,0.4439922939009918,0.4439922939009918,0.16178215183512928,0.171
1,5638,1,1,0,0.36787583717649897,0.36787583717649885,0.36787583717649897,0.36787583717649897,0.36787583717649897,0.36787583717649897,1.1102230246251565e-16,1.0
1,5647,2,1,1,0.5236403889180713,0.31285697689747793,0.11906570173842947,0.11906570173842947,0.5236403889180713,0.5236403889180713,0.21078341202059336,0.479
1,5648,2,1,1,0.12192661906609763,0.1478688639363923,0.17269422155199712,0.12192661906609763,0.17269422155199712,0.17269422155199712,-0.02594224487029466,1.0
1,5649,1,1,0,0.09774616304783684,0.09774616304783686,0.09774616304783684,0.09774616304783684,0.09774616304783684,0.09774616304783684,-1.3877787807814457e-17,1.0
1,5659,2,1,1,0.41992527890640685,0.2401700159149957,0.06467772358741249,0.06467772358741249,0.41992527890640685,0.41992527890640685,0.17975526299141115,0.494
1,5674,2,1,1,0.3899473817889902,0.26117381549964047,0.3899473817889902,0.11941467950044032,0.3899473817889902,0.3899473817889902,0.12877356628934972,0.524
1,5700,1,1,0,0.3689313117957436,0.36893131179574373,0.3689313117957436,0.3689313117957436,0.3689313117957436,0.3689313117957436,-1.1102230246251565e-16,1.0
1,5727,24,1,23,0.21825889915326116,0.18880389173448486,0.20849015616380023,-0.03228463050671323,0.3943392622274296,0.3943392622274296,0.029455007418776297,0.444
1,5731,11,5,6,0.17633389251272458,0.18621147162966004,0.18459857582453468,0.11974461650595562,0.2582370901974365,0.28412887097174017,-0.009877579116935459,0.561
1,5736,6,4,2,0.2952700029656168,0.2964239894092841,0.3171880279222005,0.21155880602604252,0.3476313979710723,0.3476313979710723,-0.0011539864436673208,0.552
1,5777,2,1,1,0.5054760714417713,0.27000843766225663,0.05525115025723087,0.05525115025723087,0.5054760714417713,0.5054760714417713,0.23546763377951468,0.477
1,5797,3,2,1,0.16291046920639715,0.1827628129615049,0.18070133288861825,0.16291046920639715,0.2050086644232567,0.2050086644232567,-0.01985234375510775,1.0
1,5799,3,2,1,0.13945313031447737,0.1239881179587995,0.13945313031447737,0.03535676781863163,0.20533859039297792,0.20533859039297792,0.015465012355677862,0.647
1,5808,1,1,0,0.14303905462986133,0.14303905462986136,0.14303905462986133,0.14303905462986133,0.14303905462986133,0.14303905462986133,-2.7755575615628914e-17,1.0
1,5812,36,16,20,0.2567760496434576,0.3423094116340137,0.34225234321213843,0.2801034857589352,0.40106141024260644,0.44709838213416775,-0.08553336199055606,0.993
1,5818,6,5,1,0.3926840423181291,0.3931424613281158,0.39626230635951465,0.35659515992202845,0.4114660413859499,0.4114660413859499,-0.00045841900998672136,0.673
1,5844,4,2,2,0.12479114922009443,0.2278410671159438,0.14722072286465301,0.12273253140889018,0.3496252668608152,0.3496252668608152,-0.10304991789584936,0.836
1,5898,4,2,2,0.09679101344463799,0.14752928098076876,0.16873517801156449,0.0952247168874615,0.1952823419914724,0.1952823419914724,-0.05073826753613077,0.852
1,5899,3,2,1,0.07773375786189324,0.09647566527899717,0.09405742255161322,0.07773375786189324,0.11681408268902577,0.11681408268902577,-0.018741907417103937,1.0
1,5903,2,1,1,0.17026486505481428,0.09881934790348813,0.029068190842707342,0.029068190842707342,0.17026486505481428,0.17026486505481428,0.07144551715132615,0.494
1,5917,7,5,2,0.13748425391149607,0.1616902975086472,0.1595633228314319,0.13620988369144346,0.1992062577711658,0.19956267636512615,-0.024206043597151117,0.911
1,5928,10,8,2,0.3508110606710488,0.3477162583897384,0.3508110606710488,0.28154111631589557,0.39591257514732686,0.40738529713248517,0.0030948022813103715,0.508
1,6013,2,1,1,0.053670137645249305,0.08391942514385943,0.053670137645249305,0.053670137645249305,0.11441167880711704,0.11441167880711704,-0.030249287498610125,1.0
